name_canon,n_variants,variants,births
LIAM,3,LIAM | LIÁM | LÍAM,848
OLIVER,2,OLIVER | ÓLIVER,651
MATEO,4,MATEO | MATEÓ | MATEÒ | MATÉO,644
MIA,3,MIA | MIÁ | MÍA,634
CAMILA,3,CAMILA | CAMILÁ | CAMÍLA,575
SEBASTIAN,4,SEBASTIAN | SEBASTIÁN | SEBASTIÀN | SEBASTÍAN,566
BENJAMIN,2,BENJAMIN | BENJAMÍN,557
SOFIA,2,SOFIA | SOFÍA,527
DYLAN,2,DYLAN | DYLÁN,524
AMELIA,2,AMELIA | AMÉLIA,456
JULIAN,2,JULIAN | JULIÁN,434
DAVID,2,DAVID | DAVÍD,415
LOGAN,2,LOGAN | LOGÁN,412
JOSE,3,JOSE | JOSÉ | JÓSE,394
ZOE,5,ZOE | ZOÉ | ZOË | ZÓE | ZÖE,386
PENELOPE,2,PENELOPE | PENÉLOPE,364
LEO,3,LEO | LEÓ | LÉO,353
ELEANOR,2,ELEANOR | ELÉANOR,347
ANGEL,4,ANGEL | ANGÉL | ANGÈL | ÁNGEL,339
ELIAS,2,ELIAS | ELÍAS,323
LUCA,2,LUCA | LUCÁ,320
GABRIEL,2,GABRIEL | GABRIÉL,312
CALEB,2,CALEB | CALÈB,293
THOMAS,2,THOMAS | THOMÁS,285
GAEL,3,GAEL | GAÉL | GAËL,281
ARIA,2,ARIA | ARÍA,275
CHLOE,3,CHLOE | CHLOÉ | CHLOË,272
ADRIAN,2,ADRIAN | ADRIÁN,271
AARON,3,AARON | AARÓN | AÁRON,267
GENESIS,3,GENESIS | GÉNESIS | GÈNESIS,237
LUIS,2,LUIS | LUÍS,224
ROWAN,2,ROWAN | RÖWAN,217
JESUS,2,JESUS | JESÚS,215
NAOMI,2,NAOMI | NAOMÍ,214
ROMAN,2,ROMAN | ROMÁN,199
DAMIAN,4,DAMIAN | DAMIÁN | DAMÍAN | DAMIAN JR,198
NATALIA,2,NATALIA | NATÁLIA,195
EMILIANO,2,EMILIANO | EMILÍANO,184
ALICE,2,ALICE | ALICË,177
LUCIA,2,LUCIA | LUCÍA,177
MARIA,2,MARIA | MARÍA,166
ADAM,2,ADAM | ADAM  II,165
MATIAS,2,MATIAS | MATÍAS,162
ANDREA,2,ANDREA | AÑDREA,161
NICOLAS,2,NICOLAS | NICOLÁS,155
THEO,2,THEO | THÉO,151
IVAN,2,IVAN | IVÁN,138
EDEN,2,EDEN | EDÉN,137
OSCAR,3,OSCAR | ÓSCAR | ÕSCAR,135
ELOISE,3,ELOISE | ELOÏSE | ÉLOÏSE,132
JOAQUIN,3,JOAQUIN | JOAQUÍN | JOAQUÌN,131
JASON,2,JASON | JASÓN,128
JAVIER,2,JAVIER | JAVIER JR.,128
FELIX,2,FELIX | FÉLIX,127
LEON,3,LEON | LEÓN | LÉON,123
VICTOR,2,VICTOR | VÍCTOR,123
MATTEO,2,MATTEO | MATTEÓ,122
ANDRES,3,ANDRES | ANDRÉS | ANDRÈS,117
ANTONIO,2,ANTONIO | ANTONIO JR,116
JOSUE,4,JOSUE | JOSUÉ | JOSUÈ | JOSÚE,114
GABRIELLA,2,GABRIELLA | GABRIELLÁ,113
JUDAH,2,JUDAH | JUDÄH,107
JESSE,2,JESSE | JESSÉ,106
FERNANDO,2,FERNANDO | FERNANDO JR.,101
ALAIA,4,ALAIA | ALAÍA | ALAÏA | ALÁIA,94
GENEVIEVE,2,GENEVIEVE | GENEVIÉVE,92
AMARI,2,AMARI | AMARÍ,90
ARI,2,ARI | ARÍ,89
MANUEL,2,MANUEL | MAÑUEL,87
AMIR,2,AMIR | AMÍR,83
LIA,2,LIA | LÍA,81
MILAN,3,MILAN | MILÁN | MÍLAN,79
KAIA,2,KAIA | KAÏA,76
SIMON,2,SIMON | SIMÓN,76
ELIAN,2,ELIAN | ELIÁN,72
PETER,2,PETER | PÉTER,69
HECTOR,2,HECTOR | HÉCTOR,67
PEDRO,2,PEDRO | PEDRO JR,66
ARIELLA,2,ARIELLA | ARIELLÁ,64
CESAR,3,CESAR | CESÁR | CÉSAR,63
MARTIN,2,MARTIN | MARTÍN,63
ALEJANDRA,2,ALEJANDRA | ALÉJANDRA,61
ROMEO,2,ROMEO | ROMÉO,61
FABIAN,2,FABIAN | FABIÁN,60
TALIA,2,TALIA | TALÍA,60
SAMARA,2,SAMARA | SÁMARA,59
ESME,2,ESME | ESMÉ,56
ESTEBAN,2,ESTEBAN | ESTEBÁN,56
ANDRE,2,ANDRE | ANDRÉ,54
ADAN,2,ADAN | ADÁN,53
GISELLE,2,GISELLE | GÍSELLE,53
HELEN,2,HELEN | HELÉN,53
LEIA,3,LEIA | LEÍA | LEÏA,53
ISAIAS,2,ISAIAS | ISAÍAS,51
LENA,2,LENA | LÉNA,51
FATIMA,2,FATIMA | FÁTIMA,50
SAUL,2,SAUL | SAÚL,50
MOISES,3,MOISES | MOISÉS | MOÍSES,49
ANAHI,2,ANAHI | ANAHÍ,47
HARLEY,2,HARLEY | HARLÉY,45
CELINE,3,CELINE | CELINÉ | CÉLINE,44
RUBEN,2,RUBEN | RUBÉN,44
RAUL,2,RAUL | RAÚL,43
ARES,2,ARES | ARÉS,42
ALANI,2,ALANI | ALANÍ,41
KHLOE,2,KHLOE | KHLOÉ,39
NOEMI,3,NOEMI | NOEMÍ | NOÉMI,39
JAZMIN,2,JAZMIN | JAZMÍN,37
JONAS,2,JONAS | JONÁS,37
BEATRICE,2,BEATRICE | BEÁTRICE,36
GIANNI,2,GIANNI | GIÁNNI,36
ALEXANDRIA,2,ALEXANDRIA | ALEXANDRÍA,35
SARAI,3,SARAI | SARAÍ | SARAÌ,35
AISHA,2,AISHA | AÍSHA,34
TOBIAS,2,TOBIAS | TOBÍAS,34
MAXIMO,2,MAXIMO | MÁXIMO,33
ALESSANDRO,2,ALESSANDRO | ALÉSSANDRO,31
DARIO,3,DARIO | DARIÓ | DARÍO,31
ALEXIA,2,ALEXIA | ALEXÍA,30
DORIAN,2,DORIAN | DORÍAN,30
KATALEYA,2,KATALEYA | KATALEYÁ,30
LEONIDAS,3,LEONIDAS | LEÓNIDAS | LÉONIDAS,30
ELIAM,2,ELIAM | ELIÁM,29
NOE,2,NOE | NOÉ,29
RAPHAEL,2,RAPHAEL | RAPHAËL,29
AMELIE,2,AMELIE | AMÉLIE,28
ANALIA,2,ANALIA | ANALÍA,28
MAITE,2,MAITE | MAITÉ,28
NIKOLAS,2,NIKOLAS | NIKOLÁS,28
RAMON,3,RAMON | RAMÓN | RAMÕN,28
TOMAS,2,TOMAS | TOMÁS,28
ANGELICA,2,ANGELICA | ANGÉLICA,27
ELIA,3,ELIA | ELIÁ | ELÍA,27
ELIO,2,ELIO | ELÍO,27
ELISEO,2,ELISEO | ELISÉO,27
KENIA,2,KENIA | KENÍA,26
LIAN,3,LIAN | LIÁN | LÍAN,26
OCEAN,2,OCEAN | OCÉAN,26
RAEGAN,2,RAEGAN | RAÉGAN,26
VALENTIN,2,VALENTIN | VALENTÍN,26
ELODIE,2,ELODIE | ÉLODIE,24
RENE,2,RENE | RENÉ,24
SARAHI,2,SARAHI | SARAHÍ,24
ALIA,2,ALIA | ALÍA,23
ALVARO,2,ALVARO | ÁLVARO,23
CLEO,2,CLEO | CLÉO,23
JOLIE,2,JOLIE | JOLIÉ,23
AGUSTIN,2,AGUSTIN | AGUSTÍN,22
KAREN,2,KAREN | KARÉN,22
RUBI,2,RUBI | RUBÍ,22
BELEN,2,BELEN | BELÉN,21
DARA,2,DARA | DARÁ,21
EMILIE,2,EMILIE | ÉMILIE,20
BARBARA,2,BARBARA | BÁRBARA,19
KATIA,2,KATIA | KATIÁ,19
MALIA,2,MALIA | MALÍA,19
ANAIS,3,ANAIS | ANAÍS | ANAÏS,18
IZAN,2,IZAN | IZÁN,18
LEONARD,2,LEONARD | LÉONARD,18
ROSALIA,2,ROSALIA | ROSALÍA,18
TEO,2,TEO | TÉO,17
XOCHITL,2,XOCHITL | XÓCHITL,17
DALIA,2,DALIA | DÁLIA,16
INES,2,INES | INÉS,16
LEYLANI,2,LEYLANI | LEYLANÍ,16
ZAIRA,2,ZAIRA | ZAÏRA,16
JOSIAS,2,JOSIAS | JOSÍAS,15
CEDRIC,2,CEDRIC | CEDRIC JR,14
MATHEO,2,MATHEO | MATHÉO,14
ZELIE,2,ZELIE | ZÉLIE,14
ARELI,2,ARELI | ÁRELI,13
DAMARIS,2,DAMARIS | DÁMARIS,13
ELIEL,2,ELIEL | ELÍEL,13
GIAN,2,GIAN | GÍAN,13
ILAN,2,ILAN | ILÁN,13
LIAH,2,LIAH | LÍAH,13
RENEE,3,RENEE | RENEÉ | RENÉE,13
RIAN,2,RIAN | RÍAN,13
BASTIAN,2,BASTIAN | BÁSTIAN,12
BJORN,2,BJORN | BJÖRN,12
CRISTOBAL,2,CRISTOBAL | CRISTÓBAL,12
ESTEFANIA,2,ESTEFANIA | ESTEFANÍA,12
JAEL,2,JAEL | JAÉL,12
JHENE,3,JHENE | JHENÉ | JHENÈ,12
LEA,2,LEA | LÉA,12
MADISSON,2,MADISSON | MADISSÓN,12
MELANI,2,MELANI | MELÁNI,12
MILANA,2,MILANA | MÍLANA,12
ADARA,2,ADARA | ADARÁ,11
HERNAN,2,HERNAN | HERNÁN,11
ISAI,2,ISAI | ISAÍ,11
JAIR,2,JAIR | JAÍR,11
JRUE,2,JRUE | JRUË,11
LEOPOLD,2,LEOPOLD | LÉOPOLD,11
AIZEN,2,AIZEN | AIZÉN,10
ALEIA,2,ALEIA | ALEÏA,10
JALIYAH,2,JALIYAH | JÁLIYAH,10
KARIME,2,KARIME | KARIMÉ,10
YESHUA,2,YESHUA | YESHÚA,10
STORMI,2,STORMI | STORMÏ,9
ANAYELI,2,ANAYELI | AÑAYELI,8
DANAE,2,DANAE | DÁNAE,8
KYREE,2,KYREE | KYREÈ,8
MAEL,2,MAEL | MAËL,8
NAEL,2,NAEL | NAÉL,8
SALOMON,2,SALOMON | SALOMÓN,8
SOLANA,2,SOLANA | SOLÁNA,8
ANALISE,2,ANALISE | ANALÍSE,7
ELIYAH,2,ELIYAH | ELIÝAH,7
FENIX,2,FENIX | FÉNIX,7
JANAE,2,JANAE | JANAÉ,7
MARIAJOSE,2,MARIAJOSE | MARÍAJOSÉ,7
NAHUM,2,NAHUM | NAHÚM,7
SAID,2,SAID | SAÍD,7
SIOBHAN,2,SIOBHAN | SIOBHÁN,7
ZOIE,2,ZOIE | ZOÏE,7
ADONAI,2,ADONAI | ADONAÏ,6
AILEN,2,AILEN | AILÉN,6
ALARIC,2,ALARIC | ALARÍC,6
ALIZE,2,ALIZE | ALIZÉ,6
GERMAN,2,GERMAN | GERMÁN,6
GIBRAN,2,GIBRAN | GIBRÁN,6
MEILANI,3,MEILANI | MEÍLANI | MÉILANI,6
DINERO,2,DINERO | DINÉRO,5
DON,2,DON | DÕN,5
JERONIMO,3,JERONIMO | JERÓNIMO | JERONIMO JR,5
JONATAN,2,JONATAN | JONATÁN,5
LANIYAH,2,LANIYAH | LÁNIYAH,5
MARIA JOSE,2,MARIA JOSE | MARIA JOSÉ,5
SALOME,2,SALOME | SALOMÉ,5
SEKANI,2,SEKANI | SÉKANI,5
THORIN,2,THORIN | THÖRIN,5
TRE,2,TRE | TRÉ,5
ZYA,2,ZYA | ZYÁ,5
ABDIAS,2,ABDIAS | ABDÍAS,4
AELA,2,AELA | AËLA,4
DAILA,2,DAILA | DAÍLA,4
DEMIAN,2,DEMIAN | DEMIÁN,4
EOWYN,2,EOWYN | ÉOWYN,4
FAUSTINO,2,FAUSTINO | FAUSTINO JR,4
HELENE,2,HELENE | HÉLÈNE,4
JESHUA,2,JESHUA | JESHÚA,4
KALLI,2,KALLI | KÁLLI,4
LEONIE,2,LEONIE | LÉONIE,4
NAILA,2,NAILA | NAÏLA,4
NOEMIE,2,NOEMIE | NOÉMIE,4
PIA,2,PIA | PÍA,4
SOLENE,3,SOLENE | SOLÉNE | SOLÈNE,4
CLIO,2,CLIO | CLÍO,3
DEBORA,2,DEBORA | DÉBORA,3
ELAIA,2,ELAIA | ELAÏA,3
EOIN,2,EOIN | EÓIN,3
FARES,2,FARES | FÁRES,3
FRANCOIS,2,FRANCOIS | FRANÇOIS,3
HERMES,2,HERMES | HERMÉS,3
IRENA,2,IRENA | IRÈNA,3
JAHEL,2,JAHEL | JÁHEL,3
JALEAH,2,JALEAH | JALEÁH,3
KARTIER,2,KARTIER | KARTÍER,3
MAELLE,2,MAELLE | MAËLLE,3
MIEL,2,MIEL | MÍEL,3
NAOMIE,2,NAOMIE | NAOMÏE,3
NELIDA,2,NELIDA | NÉLIDA,3
NINO,2,NINO | NIÑO,3
AMORE,2,AMORE | AMORË,2
ANNAIS,2,ANNAIS | ANNAÍS,2
ARIANI,2,ARIANI | ARIANÍ,2
BELA,2,BELA | BELÁ,2
ENAI,2,ENAI | ENAÏ,2
EVA MARIA,2,EVA MARIA | EVA MARÍA,2
EZME,2,EZME | EZMÉ,2
HAVI,2,HAVI | HÁVI,2
HONORE,2,HONORE | HONORÉ,2
INAKI,2,INAKI | IÑAKI,2
IRE,2,IRE | IRÉ,2
ITATI,2,ITATI | ITATÍ,2
JAGER,2,JAGER | JÄGER,2
JERUSALEN,2,JERUSALEN | JERUSALÉN,2
KAIRE,2,KAIRE | KAÍRE,2
KATTALEYA,2,KATTALEYA | KATTALÉYA,2
KELAIAH,2,KELAIAH | KELAIÄH,2
LUAN,2,LUAN | LUÁN,2
MAYTHE,2,MAYTHE | MAYTHÉ,2
MIGUEL ANGEL,2,MIGUEL  ANGEL | MIGUEL ANGEL,2
ONESIMO,2,ONESIMO | ONÉSIMO,2
ORLA,2,ORLA | ÓRLA,2
ROISIN,2,ROISIN | RÓISÍN,2
ROZAE,2,ROZAE | ROZAÉ,2
SADE,2,SADE | SADÉ,2
SEBASTIEN,2,SEBASTIEN | SÉBASTIEN,2
SOLAI,2,SOLAI | SOLAÍ,2
SOLIS,2,SOLIS | SOLÍS,2
THERESE,2,THERESE | THÉRÈSE,2
