year,sex,name,au_rank,tx_rank,rank_delta,au_n
2019,MALE,Miles,23,93,70,52
2022,MALE,Miles,16,85,69,58
2018,FEMALE,Lucy,27,94,67,34
2019,MALE,Theodore,21,87,66,53
2020,FEMALE,Isla,30,92,62,32
2021,MALE,Miles,26,87,61,47
2018,FEMALE,Maya,27,87,60,34
2020,MALE,Jack,8,68,60,66
2023,MALE,Owen,17,76,59,57
2020,MALE,Miles,39,97,58,38
2020,MALE,Austin,28,85,57,44
2019,FEMALE,Lucy,30,86,56,32
2020,FEMALE,Lucy,34,90,56,31
2017,MALE,Charles,25,80,55,53
2020,FEMALE,Nora,36,91,55,30
2018,MALE,Jack,14,68,54,59
2023,MALE,Jack,7,60,53,67
2017,FEMALE,Claire,27,79,52,36
2017,MALE,Henry,10,61,51,67
2020,MALE,Charles,27,78,51,45
2023,MALE,Charles,45,96,51,37
2021,FEMALE,Lucy,32,82,50,31
2021,MALE,Luca,20,70,50,51
2022,FEMALE,Isla,29,79,50,36
2023,FEMALE,Madeline,37,87,50,30
2024,MALE,Jack,13,63,50,66
2018,MALE,Henry,6,55,49,71
2020,MALE,Leo,21,70,49,49
2020,MALE,Theodore,28,77,49,44
2021,FEMALE,Maya,23,72,49,37
2021,MALE,Jack,7,56,49,70
2022,MALE,Brooks,48,97,49,35
2024,MALE,Owen,26,75,49,53
2021,MALE,Theodore,10,58,48,68
2021,MALE,Leo,17,65,48,57
2023,MALE,Miles,31,78,47,45
2024,MALE,Miles,22,69,47,55
2024,MALE,Jackson,33,80,47,47
2022,MALE,Jack,17,63,46,57
2019,MALE,Jack,16,61,45,59
2017,MALE,Jack,25,69,44,53
2020,MALE,Nolan,42,86,44,37
2021,FEMALE,Isla,27,71,44,34
2018,MALE,Hudson,27,70,43,47
2024,FEMALE,Maya,25,68,43,38
2019,MALE,Owen,30,72,42,45
2024,MALE,Nolan,48,90,42,38
2024,MALE,Brooks,57,99,42,33
2019,MALE,Henry,6,47,41,79
2019,MALE,Thomas,33,74,41,43
2023,FEMALE,Lucy,23,64,41,36
2017,FEMALE,Stella,35,75,40,30
2017,MALE,Jackson,14,54,40,63
2017,MALE,Nolan,55,95,40,37
2018,FEMALE,Violet,15,55,40,46
2020,MALE,Luca,49,89,40,34
2022,MALE,Charles,46,86,40,37
2023,FEMALE,Isla,28,68,40,35
2024,FEMALE,Lucia,17,57,40,45
2024,FEMALE,Nora,25,65,40,38
2024,MALE,Charles,52,92,40,36
2019,MALE,Adam,59,98,39,32
2021,FEMALE,Nora,26,65,39,35
2022,FEMALE,Nora,23,62,39,39
2024,FEMALE,Isla,35,74,39,35
2017,FEMALE,Katherine,32,70,38,34
2019,MALE,Hudson,33,71,38,43
2022,FEMALE,Maya,23,61,38,39
2023,FEMALE,Maya,17,55,38,43
2017,MALE,Hudson,36,73,37,47
2018,MALE,Charles,40,77,37,40
2023,FEMALE,Nora,23,60,37,36
2023,MALE,Wyatt,33,70,37,43
2023,MALE,Jackson,36,73,37,42
2024,FEMALE,Madeline,40,77,37,34
2018,MALE,Nolan,62,98,36,32
2019,FEMALE,Lillian,35,71,36,30
2019,FEMALE,Stella,31,66,35,31
2023,FEMALE,Lucia,31,66,35,33
2021,MALE,Owen,40,74,34,41
2021,MALE,Charles,48,82,34,37
2022,MALE,Theodore,14,48,34,61
2023,MALE,Leo,22,56,34,53
2017,FEMALE,Eleanor,24,57,33,39
2018,FEMALE,Stella,35,68,33,30
2017,FEMALE,Lillian,21,53,32,41
2020,FEMALE,Hannah,17,49,32,41
2022,MALE,Wyatt,36,68,32,43
2023,MALE,Theodore,5,37,32,77
2020,MALE,Owen,42,73,31,37
2022,MALE,Logan,26,57,31,49
2020,MALE,Henry,6,36,30,70
2021,MALE,Henry,4,34,30,79
2022,MALE,Ian,20,50,30,55
2022,MALE,Owen,48,78,30,35
2022,FEMALE,Stella,29,58,29,36
2022,MALE,Henry,6,35,29,74
2022,MALE,Jackson,33,62,29,45
2024,MALE,Logan,42,71,29,41
2018,FEMALE,Emilia,24,52,28,36
2021,MALE,Kai,61,89,28,33
2017,MALE,Owen,44,71,27,42
2020,MALE,Jackson,23,50,27,47
2021,FEMALE,Lily,21,48,27,41
2023,FEMALE,Naomi,23,50,27,36
2024,MALE,Leo,24,51,27,54
2018,FEMALE,Eliana,27,53,26,34
2018,MALE,John,9,35,26,62
2023,MALE,Luca,14,40,26,58
2017,MALE,Grayson,31,56,25,49
2018,MALE,Diego,37,62,25,41
2022,MALE,Leo,29,54,25,47
2024,FEMALE,Lucy,35,60,25,35
2024,MALE,Theodore,5,30,25,91
2017,MALE,Thomas,42,66,24,43
2020,MALE,Asher,28,52,24,44
2021,MALE,Robert,64,88,24,31
2022,FEMALE,Grace,29,53,24,36
2022,MALE,Cooper,51,75,24,34
2023,MALE,Henry,9,33,24,65
2023,MALE,Roman,53,77,24,34
2020,MALE,Lincoln,49,72,23,34
2022,MALE,Thiago,48,71,23,35
2023,MALE,Nolan,57,80,23,33
2023,MALE,Emilio,68,91,23,30
2024,MALE,Hudson,29,52,23,50
2018,MALE,Owen,50,72,22,37
2019,MALE,Grayson,32,54,22,44
2020,FEMALE,Eleanor,16,38,22,42
2022,MALE,Thomas,51,73,22,34
2023,MALE,Asher,22,44,22,53
2024,FEMALE,Naomi,23,45,22,40
2019,MALE,John,13,34,21,65
2020,FEMALE,Lily,26,47,21,35
2021,MALE,Logan,19,40,21,53
2023,FEMALE,Lily,15,36,21,47
2024,FEMALE,Ella,25,46,21,38
2024,MALE,Thomas,46,67,21,40
2017,MALE,John,21,41,20,56
2019,MALE,Wyatt,30,50,20,45
2019,MALE,Charles,55,75,20,34
2020,FEMALE,Violet,30,50,20,32
2021,FEMALE,Violet,24,44,20,36
2023,MALE,Kai,59,79,20,32
2024,FEMALE,Penelope,15,35,20,49
2024,MALE,Henry,9,29,20,70
2024,MALE,Luca,12,32,20,67
2017,MALE,Anthony,15,34,19,61
2019,FEMALE,Violet,24,43,19,38
2019,MALE,Diego,44,63,19,39
2023,MALE,Joseph,31,50,19,45
2017,MALE,Asher,52,70,18,39
2018,FEMALE,Eleanor,33,51,18,31
2018,MALE,Oliver,3,21,18,78
2018,MALE,Jonathan,30,48,18,44
2019,FEMALE,Emilia,20,38,18,42
2021,MALE,Thomas,55,73,18,34
2024,FEMALE,Valeria,46,64,18,31
2017,FEMALE,Ellie,32,49,17,34
2019,FEMALE,Eleanor,20,37,17,42
2019,MALE,Lincoln,52,69,17,35
2020,FEMALE,Zoe,14,31,17,43
2022,MALE,Hudson,42,59,17,39
2023,FEMALE,Ella,37,54,17,30
2023,MALE,Ian,36,53,17,42
2023,MALE,Thomas,57,74,17,33
2017,MALE,Oliver,6,22,16,75
2017,MALE,Wyatt,30,46,16,50
2018,MALE,Lucas,12,28,16,60
2018,MALE,Christopher,17,33,16,56
2018,MALE,Leo,60,76,16,33
2019,MALE,Jackson,28,44,16,46
2019,MALE,Caleb,37,53,16,42
2020,MALE,Dylan,11,27,16,64
2020,MALE,John,14,30,16,60
2022,MALE,Dylan,12,28,16,65
2022,MALE,Roman,60,76,16,32
2023,FEMALE,Chloe,23,39,16,36
2023,MALE,Enzo,68,84,16,30
2017,FEMALE,Hazel,35,50,15,30
2018,MALE,Elias,43,58,15,39
2019,MALE,Eli,55,70,15,34
2020,MALE,Elias,23,38,15,47
2021,MALE,Axel,37,52,15,42
2021,MALE,Hudson,44,59,15,38
2022,MALE,William,4,19,15,83
2023,FEMALE,Eleanor,18,33,15,42
2023,MALE,Thiago,26,41,15,50
2017,FEMALE,Ella,18,32,14,45
2017,FEMALE,Elena,27,41,14,36
2017,MALE,William,5,19,14,80
2017,MALE,Axel,49,63,14,40
2018,FEMALE,Zoe,14,28,14,48
2018,MALE,Jackson,28,42,14,45
2019,MALE,Dylan,17,31,14,58
2020,FEMALE,Everly,28,42,14,33
2021,FEMALE,Eleanor,10,24,14,56
2021,MALE,Jonathan,55,69,14,34
2022,MALE,John,22,36,14,53
2023,FEMALE,Avery,13,27,14,49
2023,MALE,Diego,50,64,14,35
2024,MALE,Enzo,64,78,14,32
2018,MALE,Wyatt,30,43,13,44
2018,MALE,Thomas,62,75,13,32
2021,MALE,William,3,16,13,81
2021,MALE,Diego,44,57,13,38
2022,FEMALE,Penelope,13,26,13,55
2022,FEMALE,Eleanor,18,31,13,49
2022,MALE,Diego,42,55,13,39
2023,MALE,Emiliano,59,72,13,32
2024,FEMALE,Mila,21,34,13,42
2024,MALE,John,15,28,13,65
2024,MALE,Mason,68,81,13,31
2017,MALE,James,1,13,12,104
2017,MALE,Benjamin,4,16,12,82
2017,MALE,Lincoln,56,68,12,36
2018,MALE,William,4,16,12,76
2019,MALE,Oliver,2,14,12,89
2020,MALE,Grayson,46,58,12,35
2021,MALE,Roman,64,76,12,31
2022,MALE,Kai,67,79,12,30
2024,MALE,William,9,21,12,70
2024,MALE,Ian,30,42,12,49
2018,FEMALE,Lily,31,42,11,33
2018,MALE,Benjamin,2,13,11,80
2018,MALE,Luke,11,22,11,61
2018,MALE,Grayson,40,51,11,40
2019,MALE,William,5,16,11,80
2019,MALE,James,7,18,11,77
2021,MALE,Andrew,51,62,11,36
2022,FEMALE,Zoe,13,24,11,55
2022,FEMALE,Chloe,21,32,11,40
2022,FEMALE,Violet,23,34,11,39
2022,MALE,Joseph,27,38,11,48
2023,FEMALE,Zoe,8,19,11,64
2023,MALE,Ethan,11,22,11,60
2023,MALE,Joshua,38,49,11,41
2024,FEMALE,Eleanor,16,27,11,46
2024,FEMALE,Ashley,47,58,11,30
2024,MALE,Asher,33,44,11,47
2018,FEMALE,Ella,19,29,10,42
2018,MALE,Samuel,17,27,10,56
2019,FEMALE,Zoe,16,26,10,46
2020,MALE,Joseph,31,41,10,43
2021,FEMALE,Zoe,19,29,10,42
2021,MALE,John,26,36,10,47
2022,FEMALE,Harper,19,29,10,45
2022,FEMALE,Emilia,26,36,10,38
2023,MALE,James,7,17,10,67
2024,FEMALE,Elena,9,19,10,58
2024,MALE,James,9,19,10,70
2024,MALE,Damian,52,62,10,36
2017,MALE,Levi,31,40,9,49
2019,FEMALE,Penelope,13,22,9,49
2019,FEMALE,Chloe,26,35,9,33
2019,MALE,Leo,64,73,9,31
2021,FEMALE,Penelope,13,22,9,51
2022,MALE,Samuel,15,24,9,59
2022,MALE,Joshua,51,60,9,34
2023,FEMALE,Penelope,20,29,9,39
2024,MALE,Anthony,32,41,9,48
2017,FEMALE,Samantha,34,42,8,33
2017,MALE,Isaac,22,30,8,55
2017,MALE,Gael,64,72,8,31
2018,FEMALE,Charlotte,5,13,8,65
2018,MALE,Joseph,33,41,8,43
2019,FEMALE,Charlotte,4,12,8,75
2019,FEMALE,Hannah,24,32,8,38
2019,MALE,Asher,59,67,8,32
2020,FEMALE,Mila,12,20,8,45
2020,FEMALE,Ella,17,25,8,41
2020,FEMALE,Emilia,27,35,8,34
2020,FEMALE,Grace,36,44,8,30
2020,MALE,Lucas,12,20,8,62
2020,MALE,Logan,31,39,8,43
2021,FEMALE,Ximena,34,42,8,30
2022,FEMALE,Mila,10,18,8,63
2022,FEMALE,Lily,36,44,8,32
2022,MALE,Anthony,31,39,8,46
2024,FEMALE,Lily,20,28,8,43
2017,FEMALE,Evelyn,5,12,7,77
2017,MALE,Luis,44,51,7,42
2018,FEMALE,Evelyn,3,10,7,76
2019,FEMALE,Ella,17,24,7,45
2019,FEMALE,Hazel,35,42,7,30
2019,MALE,Gael,59,66,7,32
2021,FEMALE,Emilia,27,34,7,34
2021,MALE,Caleb,48,55,7,37
2022,MALE,Luca,35,42,7,44
2024,FEMALE,Violet,19,26,7,44
2017,FEMALE,Penelope,15,21,6,51
2017,FEMALE,Zoe,19,25,6,43
2017,FEMALE,Luna,27,33,6,36
2017,MALE,Samuel,19,25,6,58
2018,MALE,Joshua,33,39,6,43
2018,MALE,Ian,47,53,6,38
2018,MALE,Ryan,57,63,6,34
2018,MALE,Asher,60,66,6,33
2019,MALE,Ian,52,58,6,35
2020,FEMALE,Evelyn,6,12,6,67
2020,FEMALE,Chloe,28,34,6,33
2020,MALE,William,8,14,6,66
2021,FEMALE,Mila,19,25,6,42
2021,MALE,Asher,40,46,6,41
2022,MALE,James,5,11,6,78
2023,FEMALE,Aurora,22,28,6,37
2023,MALE,Caleb,39,45,6,40
2023,MALE,Axel,41,47,6,39
2023,MALE,Christopher,45,51,6,37
2024,FEMALE,Emily,10,16,6,56
2024,MALE,Maverick,55,61,6,34
2017,FEMALE,Charlotte,8,13,5,59
2017,FEMALE,Harper,13,18,5,53
2017,FEMALE,Layla,22,27,5,40
2017,MALE,Daniel,3,8,5,83
2018,FEMALE,Elizabeth,10,15,5,54
2018,FEMALE,Mila,12,17,5,53
2018,MALE,Isaiah,47,52,5,38
2018,MALE,Ezra,55,60,5,35
2019,FEMALE,Ellie,31,36,5,31
2019,MALE,Lucas,14,19,5,64
2019,MALE,Isaac,20,25,5,54
2020,FEMALE,Aria,25,30,5,36
2020,MALE,James,8,13,5,66
2021,FEMALE,Harper,16,21,5,47
2021,MALE,James,6,11,5,71
2022,FEMALE,Sofia,3,8,5,82
2022,MALE,Alexander,10,15,5,67
2023,MALE,William,18,23,5,56
2023,MALE,Grayson,64,69,5,31
2024,MALE,Oliver,2,7,5,101
2024,MALE,Dylan,8,13,5,75
2024,MALE,Caleb,41,46,5,43
2017,FEMALE,Elizabeth,11,15,4,56
2017,MALE,Alexander,8,12,4,73
2017,MALE,Luke,17,21,4,59
2018,FEMALE,Amelia,7,11,4,63
2018,FEMALE,Emily,10,14,4,54
2018,FEMALE,Penelope,21,25,4,40
2018,MALE,Levi,26,30,4,49
2018,MALE,Andrew,43,47,4,39
2018,MALE,Gael,57,61,4,34
2019,FEMALE,Evelyn,7,11,4,70
2019,FEMALE,Abigail,10,14,4,56
2019,FEMALE,Mila,19,23,4,43
2019,MALE,Benjamin,8,12,4,71
2020,FEMALE,Charlotte,6,10,4,67
2020,MALE,Benjamin,5,9,4,77
2020,MALE,Diego,57,61,4,31
2021,FEMALE,Sofia,6,10,4,63
2021,FEMALE,Elizabeth,11,15,4,53
2021,FEMALE,Ella,27,31,4,34
2021,FEMALE,Chloe,32,36,4,31
2021,MALE,Adrian,33,37,4,45
2022,FEMALE,Charlotte,7,11,4,72
2022,FEMALE,Evelyn,8,12,4,71
2022,FEMALE,Genesis,29,33,4,36
2023,FEMALE,Sofia,3,7,4,81
2023,MALE,Aaron,48,52,4,36
2024,FEMALE,Scarlett,21,25,4,42
2024,FEMALE,Harper,29,33,4,37
2024,FEMALE,Maria,45,49,4,32
2024,MALE,Andrew,68,72,4,31
2017,MALE,Joshua,28,31,3,52
2018,FEMALE,Luna,18,21,3,44
2018,MALE,Alexander,7,10,3,66
2018,MALE,Dylan,16,19,3,58
2018,MALE,Logan,21,24,3,54
2019,FEMALE,Allison,31,34,3,31
2020,FEMALE,Scarlett,20,23,3,40
2020,MALE,Samuel,18,21,3,51
2020,MALE,Ezra,26,29,3,46
2020,MALE,Christopher,39,42,3,38
2021,FEMALE,Evelyn,9,12,3,58
2021,MALE,Luke,20,23,3,51
2022,FEMALE,Madison,37,40,3,31
2022,MALE,Benjamin,9,12,3,69
2022,MALE,Lucas,13,16,3,64
2023,FEMALE,Mia,1,4,3,95
2023,FEMALE,Emilia,31,34,3,33
2023,MALE,Oliver,4,7,3,83
2024,FEMALE,Charlotte,6,9,3,66
2024,FEMALE,Elizabeth,12,15,3,55
2024,FEMALE,Emilia,29,32,3,37
2024,MALE,Joshua,52,55,3,36
2017,FEMALE,Olivia,3,5,2,84
2017,MALE,Joseph,31,33,2,49
2018,FEMALE,Olivia,1,3,2,95
2018,MALE,Caleb,47,49,2,38
2019,MALE,Ezra,37,39,2,42
2019,MALE,Ryan,66,68,2,30
2020,MALE,Oliver,4,6,2,87
2020,MALE,Ethan,13,15,2,61
2020,MALE,Gabriel,35,37,2,42
2020,MALE,Wyatt,49,51,2,34
2021,MALE,Gabriel,26,28,2,47
2022,FEMALE,Isabella,2,4,2,86
2022,FEMALE,Elizabeth,13,15,2,55
2022,FEMALE,Elena,21,23,2,40
2022,FEMALE,Aurora,26,28,2,38
2023,FEMALE,Violet,23,25,2,36
2023,MALE,John,25,27,2,51
2024,MALE,Alexander,22,24,2,55
2017,FEMALE,Isabella,2,3,1,88
2017,FEMALE,Abigail,8,9,1,59
2017,FEMALE,Emily,10,11,1,58
2017,FEMALE,Chloe,30,31,1,35
2017,FEMALE,Hannah,35,36,1,30
2017,MALE,Ryan,58,59,1,35
2018,FEMALE,Camila,5,6,1,65
2018,FEMALE,Avery,15,16,1,46
2018,FEMALE,Zoey,35,36,1,30
2018,MALE,Christian,33,34,1,43
2019,FEMALE,Olivia,1,2,1,90
2019,FEMALE,Isabella,2,3,1,81
2019,FEMALE,Mia,3,4,1,76
2019,FEMALE,Sophia,5,6,1,74
2019,FEMALE,Luna,14,15,1,48
2019,FEMALE,Scarlett,20,21,1,42
2019,MALE,Alexander,10,11,1,68
2019,MALE,Luke,19,20,1,55
2019,MALE,Elias,47,48,1,38
2019,MALE,Jesus,59,60,1,32
2020,FEMALE,Emma,1,2,1,94
2020,FEMALE,Mia,4,5,1,86
2020,FEMALE,Sofia,8,9,1,61
2020,FEMALE,Harper,17,18,1,41
2020,MALE,Mateo,2,3,1,92
2020,MALE,Jacob,16,17,1,55
2020,MALE,Luke,22,23,1,48
2020,MALE,Anthony,31,32,1,43
2020,MALE,Gael,39,40,1,38
2021,MALE,Alexander,13,14,1,61
2021,MALE,Michael,31,32,1,46
2021,MALE,Wyatt,43,44,1,40
2022,FEMALE,Emily,13,14,1,55
2022,FEMALE,Hazel,34,35,1,34
2022,MALE,Oliver,6,7,1,74
2022,MALE,Damian,51,52,1,34
2023,FEMALE,Isabella,4,5,1,80
2023,FEMALE,Mila,30,31,1,34
2023,MALE,Dylan,13,14,1,59
2024,FEMALE,Emma,1,2,1,86
2024,FEMALE,Isabella,4,5,1,73
2024,FEMALE,Sophia,5,6,1,71
2024,FEMALE,Zoe,17,18,1,45
2024,FEMALE,Chloe,35,36,1,35
2024,FEMALE,Ailany,40,41,1,34
2024,MALE,David,21,22,1,56
2024,MALE,Jacob,42,43,1,41
2017,FEMALE,Emma,1,1,0,98
2017,FEMALE,Amelia,14,14,0,52
2017,FEMALE,Scarlett,17,17,0,46
2017,MALE,Aiden,17,17,0,59
2018,FEMALE,Mia,4,4,0,69
2018,FEMALE,Aria,23,23,0,37
2018,MALE,Liam,1,1,0,86
2018,MALE,James,12,12,0,60
2019,FEMALE,Sofia,8,8,0,67
2019,MALE,Liam,1,1,0,96
2019,MALE,Levi,26,26,0,48
2019,MALE,Anthony,37,37,0,42
2020,FEMALE,Camila,3,3,0,87
2020,FEMALE,Luna,13,13,0,44
2020,FEMALE,Abigail,14,14,0,43
2020,MALE,Liam,1,1,0,101
2020,MALE,David,16,16,0,55
2020,MALE,Joshua,45,45,0,36
2020,MALE,Jaxon,57,57,0,31
2021,FEMALE,Olivia,1,1,0,96
2021,FEMALE,Emma,2,2,0,90
2021,FEMALE,Camila,3,3,0,83
2021,FEMALE,Isabella,4,4,0,81
2021,FEMALE,Mia,5,5,0,71
2021,FEMALE,Sophia,6,6,0,63
2021,FEMALE,Avery,17,17,0,44
2021,MALE,Liam,1,1,0,99
2021,MALE,Noah,2,2,0,85
2021,MALE,Julian,15,15,0,59
2021,MALE,Elias,26,26,0,47
2021,MALE,Dylan,31,31,0,46
2022,FEMALE,Olivia,1,1,0,98
2022,MALE,Liam,1,1,0,121
2022,MALE,Noah,2,2,0,98
2022,MALE,Mateo,3,3,0,93
2022,MALE,Ethan,18,18,0,56
2022,MALE,Carlos,65,65,0,31
2023,FEMALE,Evelyn,11,11,0,52
2023,MALE,Liam,1,1,0,125
2023,MALE,Noah,2,2,0,88
2023,MALE,Mateo,3,3,0,85
2024,FEMALE,Olivia,1,1,0,86
2024,FEMALE,Mia,3,3,0,82
2024,FEMALE,Sofia,8,8,0,63
2024,MALE,Liam,1,1,0,144
2024,MALE,Mateo,3,3,0,98
2024,MALE,Emiliano,57,57,0,33
2024,MALE,Diego,68,68,0,31
2017,FEMALE,Ava,7,6,-1,73
2017,FEMALE,Aria,30,29,-1,35
2017,MALE,Noah,2,1,-1,85
2017,MALE,Josiah,37,36,-1,46
2017,MALE,Ezekiel,53,52,-1,38
2018,FEMALE,Emma,2,1,-1,82
2018,FEMALE,Sofia,9,8,-1,59
2018,MALE,Eli,66,65,-1,31
2019,FEMALE,Emily,14,13,-1,48
2019,FEMALE,Elizabeth,18,17,-1,44
2019,MALE,Noah,3,2,-1,86
2019,MALE,Mateo,4,3,-1,82
2019,MALE,Michael,23,22,-1,52
2019,MALE,Logan,37,36,-1,42
2019,MALE,Isaiah,47,46,-1,38
2020,FEMALE,Olivia,2,1,-1,93
2020,FEMALE,Isabella,5,4,-1,81
2020,FEMALE,Amelia,9,8,-1,60
2020,MALE,Noah,3,2,-1,90
2021,FEMALE,Ava,8,7,-1,59
2021,MALE,Mateo,5,4,-1,73
2021,MALE,Benjamin,11,10,-1,63
2021,MALE,Aiden,25,24,-1,48
2021,MALE,Joshua,54,53,-1,35
2022,FEMALE,Mia,6,5,-1,74
2023,FEMALE,Emma,2,1,-1,91
2023,FEMALE,Sophia,7,6,-1,66
2023,FEMALE,Amelia,9,8,-1,62
2023,FEMALE,Charlotte,10,9,-1,56
2023,FEMALE,Luna,13,12,-1,49
2023,FEMALE,Elena,18,17,-1,42
2023,MALE,Sebastian,6,5,-1,69
2023,MALE,Lucas,10,9,-1,63
2023,MALE,Benjamin,19,18,-1,55
2023,MALE,Alexander,21,20,-1,54
2023,MALE,David,22,21,-1,53
2023,MALE,Matthew,26,25,-1,50
2023,MALE,Logan,64,63,-1,31
2024,FEMALE,Luna,13,12,-1,50
2024,FEMALE,Aria,25,24,-1,38
2024,MALE,Sebastian,6,5,-1,84
2024,MALE,Julian,13,12,-1,66
2024,MALE,Jose,19,18,-1,60
2024,MALE,Luke,27,26,-1,52
2017,FEMALE,Mia,4,2,-2,81
2017,FEMALE,Sophia,6,4,-2,75
2017,FEMALE,Madison,22,20,-2,40
2017,FEMALE,Allison,26,24,-2,37
2017,MALE,Nathan,41,39,-2,44
2017,MALE,Andrew,44,42,-2,42
2018,MALE,Daniel,8,6,-2,63
2018,MALE,Julian,22,20,-2,53
2019,FEMALE,Amelia,11,9,-2,55
2019,MALE,Daniel,8,6,-2,71
2020,FEMALE,Ava,9,7,-2,60
2020,MALE,Sebastian,7,5,-2,68
2021,MALE,Sebastian,7,5,-2,70
2021,MALE,David,20,18,-2,51
2022,FEMALE,Emma,4,2,-2,80
2022,FEMALE,Camila,5,3,-2,79
2022,MALE,Sebastian,6,4,-2,74
2023,FEMALE,Ava,12,10,-2,50
2024,FEMALE,Camila,6,4,-2,66
2024,FEMALE,Evelyn,13,11,-2,50
2024,MALE,Noah,4,2,-2,94
2017,FEMALE,Avery,19,16,-3,43
2018,FEMALE,Layla,27,24,-3,34
2018,MALE,Noah,5,2,-3,73
2019,FEMALE,Aria,23,20,-3,39
2019,MALE,Ethan,12,9,-3,66
2020,FEMALE,Avery,22,19,-3,39
2020,FEMALE,Eliana,36,33,-3,30
2021,FEMALE,Charlotte,12,9,-3,52
2021,FEMALE,Luna,14,11,-3,50
2021,FEMALE,Emily,17,14,-3,44
2021,MALE,Samuel,24,21,-3,49
2021,MALE,Christopher,44,41,-3,38
2022,FEMALE,Sophia,9,6,-3,69
2022,FEMALE,Luna,12,9,-3,56
2022,FEMALE,Scarlett,20,17,-3,43
2023,FEMALE,Olivia,5,2,-3,78
2023,FEMALE,Camila,6,3,-3,74
2023,FEMALE,Emily,16,13,-3,45
2023,FEMALE,Victoria,21,18,-3,38
2023,MALE,Daniel,14,11,-3,58
2024,FEMALE,Amelia,10,7,-3,56
2024,MALE,Santiago,7,4,-3,76
2024,MALE,Ethan,17,14,-3,61
2024,MALE,Benjamin,19,16,-3,60
2024,MALE,Thiago,37,34,-3,46
2017,FEMALE,Camila,11,7,-4,56
2017,MALE,Ethan,13,9,-4,65
2017,MALE,Julian,22,18,-4,55
2018,FEMALE,Elena,35,31,-4,30
2019,FEMALE,Camila,9,5,-4,65
2019,FEMALE,Ava,11,7,-4,55
2019,MALE,Joseph,42,38,-4,40
2020,FEMALE,Emily,20,16,-4,40
2020,FEMALE,Elena,30,26,-4,32
2021,FEMALE,Ellie,30,26,-4,33
2021,FEMALE,Aurora,34,30,-4,30
2021,MALE,Elijah,7,3,-4,70
2021,MALE,Oliver,11,7,-4,63
2021,MALE,Jayden,26,22,-4,47
2022,FEMALE,Amelia,11,7,-4,58
2022,MALE,Aiden,27,23,-4,48
2024,FEMALE,Avery,35,31,-4,35
2017,MALE,Liam,7,2,-5,74
2017,MALE,Aaron,31,26,-5,49
2017,MALE,Jonathan,53,48,-5,38
2018,FEMALE,Ava,12,7,-5,53
2018,FEMALE,Genesis,25,20,-5,35
2018,FEMALE,Grace,35,30,-5,30
2019,FEMALE,Emma,6,1,-5,71
2019,MALE,Sebastian,10,5,-5,68
2019,MALE,Samuel,28,23,-5,46
2020,FEMALE,Sophia,11,6,-5,58
2020,MALE,Levi,23,18,-5,47
2022,MALE,Ezra,22,17,-5,53
2022,MALE,David,25,20,-5,50
2023,FEMALE,Genesis,28,23,-5,35
2023,MALE,Carlos,64,59,-5,31
2024,MALE,Lucas,16,11,-5,62
2024,MALE,Michael,30,25,-5,49
2024,MALE,Roman,75,70,-5,30
2017,MALE,Sebastian,9,3,-6,70
2017,MALE,Elijah,11,5,-6,66
2017,MALE,Gabriel,44,38,-6,42
2018,FEMALE,Isabella,8,2,-6,60
2018,FEMALE,Harper,25,19,-6,35
2018,MALE,Sebastian,9,3,-6,62
2019,MALE,Josiah,33,27,-6,43
2020,FEMALE,Elizabeth,23,17,-6,37
2020,FEMALE,Layla,30,24,-6,32
2021,FEMALE,Amelia,14,8,-6,50
2021,FEMALE,Abigail,22,16,-6,40
2021,MALE,Daniel,14,8,-6,60
2021,MALE,Lucas,23,17,-6,50
2022,MALE,Santiago,11,5,-6,66
2023,MALE,Julian,19,13,-6,55
2024,FEMALE,Hazel,43,37,-6,33
2024,MALE,Isaac,39,33,-6,45
2024,MALE,Gabriel,42,36,-6,41
2017,FEMALE,Sofia,15,8,-7,51
2017,FEMALE,Mila,35,28,-7,30
2017,MALE,Mateo,11,4,-7,66
2019,MALE,Nathan,58,51,-7,33
2020,MALE,Nathan,54,47,-7,33
2020,MALE,Axel,62,55,-7,30
2022,FEMALE,Ava,17,10,-7,54
2022,MALE,Michael,40,33,-7,40
2023,MALE,Santiago,11,4,-7,60
2023,MALE,Michael,39,32,-7,40
2023,MALE,Nathan,53,46,-7,34
2023,MALE,Damian,64,57,-7,31
2024,MALE,Juan,57,50,-7,33
2017,MALE,Caleb,58,50,-8,35
2017,MALE,Diego,66,58,-8,30
2018,FEMALE,Abigail,20,12,-8,41
2018,FEMALE,Madison,35,27,-8,30
2018,MALE,Carter,62,54,-8,32
2019,FEMALE,Elena,35,27,-8,30
2020,FEMALE,Victoria,23,15,-8,37
2020,MALE,Daniel,15,7,-8,57
2020,MALE,Christian,57,49,-8,31
2021,MALE,Aaron,55,47,-8,34
2022,MALE,Leonardo,40,32,-8,40
2022,MALE,Isaac,51,43,-8,34
2023,MALE,Elijah,14,6,-8,58
2023,MALE,Leonardo,43,35,-8,38
2024,FEMALE,Delilah,47,39,-8,30
2024,MALE,Christian,57,49,-8,33
2017,MALE,Jacob,16,7,-9,60
2017,MALE,David,19,10,-9,58
2017,MALE,Michael,24,15,-9,54
2018,MALE,Elijah,14,5,-9,59
2018,MALE,Juan,53,44,-9,36
2019,MALE,Julian,17,8,-9,58
2019,MALE,Angel,33,24,-9,43
2019,MALE,Leonardo,42,33,-9,40
2019,MALE,Gabriel,44,35,-9,39
2020,MALE,Michael,31,22,-9,43
2020,MALE,Ian,62,53,-9,30
2021,MALE,Jose,18,9,-9,56
2021,MALE,Isaiah,51,42,-9,36
2022,FEMALE,Avery,29,20,-9,36
2022,MALE,Jayden,38,29,-9,42
2024,MALE,Levi,24,15,-9,54
2018,FEMALE,Sophia,15,5,-10,46
2019,FEMALE,Avery,26,16,-10,33
2019,MALE,David,27,17,-10,47
2019,MALE,Christian,50,40,-10,37
2019,MALE,Aaron,51,41,-10,36
2021,MALE,Santiago,16,6,-10,58
2021,MALE,Ezra,35,25,-10,44
2022,FEMALE,Victoria,26,16,-10,38
2023,MALE,Samuel,29,19,-10,47
2023,MALE,Anthony,41,31,-10,39
2017,MALE,Jesus,64,53,-11,31
2018,FEMALE,Ximena,33,22,-11,31
2018,MALE,Jose,25,14,-11,51
2019,MALE,Elijah,15,4,-11,63
2019,MALE,Jacob,21,10,-11,53
2020,MALE,Jayden,36,25,-11,41
2021,FEMALE,Gianna,24,13,-11,36
2021,FEMALE,Elena,34,23,-11,30
2021,MALE,Jackson,61,50,-11,33
2023,MALE,Jose,26,15,-11,50
2023,MALE,Isaac,53,42,-11,34
2024,FEMALE,Gianna,24,13,-11,39
2024,MALE,Elijah,17,6,-11,61
2024,MALE,Gael,42,31,-11,41
2017,MALE,Christian,49,37,-12,40
2018,MALE,Angel,37,25,-12,41
2020,MALE,Santiago,20,8,-12,50
2020,MALE,Leonardo,56,44,-12,32
2021,MALE,Leonardo,51,39,-12,36
2022,MALE,Elijah,18,6,-12,56
2022,MALE,Daniel,20,8,-12,55
2022,MALE,Levi,22,10,-12,53
2022,MALE,Luke,33,21,-12,45
2022,MALE,Christian,65,53,-12,31
2024,MALE,Joseph,57,45,-12,33
2017,MALE,Santiago,37,24,-13,46
2017,MALE,Christopher,42,29,-13,43
2018,FEMALE,Victoria,22,9,-13,38
2018,MALE,Nathan,50,37,-13,37
2021,FEMALE,Victoria,31,18,-13,32
2021,MALE,Jacob,33,20,-13,45
2021,MALE,Matthew,40,27,-13,41
2021,MALE,Isaac,48,35,-13,37
2023,FEMALE,Scarlett,33,20,-13,32
2023,FEMALE,Aria,35,22,-13,31
2024,FEMALE,Aurora,33,20,-13,36
2024,FEMALE,Abigail,43,30,-13,33
2024,MALE,Leonardo,48,35,-13,38
2017,MALE,Logan,37,23,-14,46
2017,MALE,Adrian,49,35,-14,40
2017,MALE,Ian,61,47,-14,34
2018,FEMALE,Scarlett,32,18,-14,32
2018,MALE,Mason,40,26,-14,40
2020,FEMALE,Penelope,36,22,-14,30
2020,MALE,Elijah,18,4,-14,51
2020,MALE,Isaiah,57,43,-14,31
2022,MALE,Elias,36,22,-14,43
2022,MALE,Adrian,51,37,-14,34
2022,MALE,Caleb,60,46,-14,32
2023,FEMALE,Valentina,35,21,-14,31
2023,MALE,Hudson,68,54,-14,30
2024,FEMALE,Victoria,35,21,-14,35
2017,FEMALE,Victoria,25,10,-15,38
2017,MALE,Dylan,35,20,-15,48
2017,MALE,Jaxon,58,43,-15,35
2018,MALE,Mateo,19,4,-15,55
2018,MALE,Ethan,23,8,-15,52
2018,MALE,Aiden,33,18,-15,43
2018,MALE,Adrian,53,38,-15,36
2020,MALE,Mason,49,34,-15,34
2021,MALE,Nathan,66,51,-15,30
2023,MALE,Aiden,53,38,-15,34
2024,FEMALE,Ava,29,14,-15,37
2024,MALE,Jayden,68,53,-15,31
2017,MALE,Lucas,48,32,-16,41
2018,MALE,Jacob,23,7,-16,52
2019,FEMALE,Victoria,26,10,-16,33
2020,MALE,Angel,42,26,-16,37
2022,MALE,Gabriel,47,31,-16,36
2023,MALE,Jacob,50,34,-16,35
2024,MALE,Angel,33,17,-16,47
2017,MALE,Jose,28,11,-17,52
2018,MALE,David,28,11,-17,45
2021,MALE,Anthony,55,38,-17,34
2022,MALE,Julian,31,14,-17,46
2023,MALE,Gael,45,28,-17,37
2024,FEMALE,Ellie,40,23,-17,34
2024,MALE,Samuel,37,20,-17,46
2024,MALE,Aiden,57,40,-17,33
2024,MALE,Nathan,75,58,-17,30
2019,MALE,Santiago,25,7,-18,49
2021,MALE,Angel,37,19,-18,42
2022,FEMALE,Aria,37,19,-18,31
2022,MALE,Jacob,44,26,-18,38
2022,MALE,Juan,58,40,-18,33
2017,MALE,Matthew,25,6,-19,53
2022,MALE,Ezekiel,44,25,-19,38
2023,FEMALE,Elizabeth,33,14,-19,32
2023,MALE,Luke,43,24,-19,38
2024,FEMALE,Eliana,29,10,-19,37
2024,MALE,Ezra,28,9,-19,51
2022,MALE,Jose,29,9,-20,47
2023,MALE,Levi,30,10,-20,46
2023,MALE,Jayden,59,39,-20,32
2018,MALE,Matthew,30,9,-21,44
2019,MALE,Joshua,64,43,-21,31
2022,FEMALE,Gianna,34,13,-21,34
2023,MALE,Elias,33,12,-21,43
2024,MALE,Christopher,68,47,-21,31
2018,MALE,Santiago,37,15,-22,41
2018,MALE,Gabriel,62,40,-22,32
2020,MALE,Aiden,46,24,-22,35
2021,MALE,Ethan,35,13,-22,44
2021,MALE,Gael,55,33,-22,34
2019,MALE,Adrian,52,29,-23,35
2020,FEMALE,Gianna,34,11,-23,31
2022,MALE,Christopher,67,44,-23,30
2024,MALE,Matthew,46,23,-23,40
2018,MALE,Josiah,55,31,-24,35
2020,MALE,Julian,36,12,-24,41
2022,MALE,Gael,58,34,-24,33
2023,MALE,Ezekiel,50,26,-24,35
2024,MALE,Ezekiel,51,27,-24,37
2021,MALE,Levi,37,12,-25,42
2022,MALE,Angel,38,13,-25,42
2023,MALE,Ezra,33,8,-25,43
2023,MALE,Adriel,68,43,-25,30
2024,MALE,Elias,33,8,-25,47
2017,MALE,Jayden,40,14,-26,45
2018,MALE,Michael,43,17,-26,39
2019,MALE,Jayden,47,21,-26,38
2020,MALE,Isaac,54,28,-26,33
2019,MALE,Aiden,55,28,-27,34
2019,MALE,Christopher,59,32,-27,32
2020,MALE,Jose,38,11,-27,39
2024,MALE,Josiah,64,37,-27,32
2017,MALE,Mason,56,28,-28,36
2018,MALE,Isaac,57,29,-28,34
2019,MALE,Matthew,41,13,-28,41
2019,MALE,Jose,44,15,-29,39
2020,MALE,Josiah,62,33,-29,30
2023,MALE,Josiah,59,30,-29,32
2024,MALE,Daniel,39,10,-29,45
2020,MALE,Matthew,49,19,-30,34
2022,MALE,Josiah,60,30,-30,32
2023,MALE,Gabriel,59,29,-30,32
2024,MALE,Adrian,68,38,-30,31
2021,MALE,Ezekiel,61,30,-31,33
2023,MALE,Angel,48,16,-32,36
2020,MALE,Alexander,46,10,-36,35
