year,sex,tx_rank,name_canon,tx_n
2017,MALE,1,NOAH,1953
2017,MALE,2,LIAM,1844
2017,MALE,3,SEBASTIAN,1595
2017,MALE,4,MATEO,1523
2017,MALE,5,ELIJAH,1482
2017,MALE,6,MATTHEW,1429
2017,MALE,7,JACOB,1412
2017,MALE,8,DANIEL,1374
2017,MALE,9,ETHAN,1353
2017,MALE,10,DAVID,1344
2017,MALE,11,JOSE,1344
2017,MALE,12,ALEXANDER,1264
2017,MALE,13,JAMES,1251
2017,MALE,14,JAYDEN,1238
2017,MALE,15,MICHAEL,1213
2017,MALE,16,BENJAMIN,1199
2017,MALE,17,AIDEN,1197
2017,MALE,18,JULIAN,1173
2017,MALE,19,WILLIAM,1159
2017,MALE,20,DYLAN,1130
2017,MALE,21,LUKE,1124
2017,MALE,22,OLIVER,1103
2017,MALE,23,LOGAN,1098
2017,MALE,24,SANTIAGO,1093
2017,MALE,25,SAMUEL,1067
2017,MALE,26,AARON,1031
2017,MALE,27,ANGEL,1027
2017,MALE,28,MASON,1015
2017,MALE,29,CHRISTOPHER,1013
2017,MALE,30,ISAAC,1011
2017,MALE,31,JOSHUA,998
2017,MALE,32,LUCAS,978
2017,MALE,33,JOSEPH,962
2017,MALE,34,ANTHONY,958
2017,MALE,35,ADRIAN,950
2017,MALE,36,JOSIAH,929
2017,MALE,37,CHRISTIAN,921
2017,MALE,38,GABRIEL,901
2017,MALE,39,NATHAN,893
2017,MALE,40,LEVI,887
2017,MALE,41,JOHN,868
2017,MALE,42,ANDREW,856
2017,MALE,43,JAXON,826
2017,MALE,44,JUAN,815
2017,MALE,45,ISAIAH,799
2017,MALE,46,WYATT,798
2017,MALE,47,IAN,783
2017,MALE,48,JONATHAN,783
2017,MALE,49,LEONARDO,778
2017,MALE,50,CALEB,762
2017,MALE,51,LUIS,761
2017,MALE,52,EZEKIEL,756
2017,MALE,53,JESUS,747
2017,MALE,54,JACKSON,744
2017,MALE,55,ELI,732
2017,MALE,56,GRAYSON,729
2017,MALE,57,JEREMIAH,726
2017,MALE,58,DIEGO,724
2017,MALE,59,RYAN,719
2017,MALE,60,CARTER,679
2017,MALE,61,HENRY,678
2017,MALE,62,CARLOS,669
2017,MALE,63,AXEL,624
2017,MALE,64,DAMIAN,616
2017,MALE,65,EZRA,599
2017,MALE,66,THOMAS,591
2017,MALE,67,ELIAS,587
2017,MALE,68,LINCOLN,583
2017,MALE,69,JACK,578
2017,MALE,70,ASHER,554
2017,MALE,71,OWEN,552
2017,MALE,72,GAEL,539
2017,MALE,73,HUDSON,532
2017,MALE,74,JORDAN,522
2017,MALE,75,LANDON,504
2017,MALE,76,ROBERT,502
2017,MALE,77,MIGUEL,501
2017,MALE,78,EASTON,496
2017,MALE,79,JASON,491
2017,MALE,80,CHARLES,485
2017,MALE,81,NICHOLAS,471
2017,MALE,82,ALEJANDRO,469
2017,MALE,83,HUNTER,466
2017,MALE,84,IVAN,465
2017,MALE,85,ADAM,463
2017,MALE,86,JACE,458
2017,MALE,87,XAVIER,456
2017,MALE,88,AUSTIN,446
2017,MALE,89,AYDEN,445
2017,MALE,90,BRANDON,439
2017,MALE,91,EVAN,432
2017,MALE,92,EMMANUEL,427
2017,MALE,93,ALAN,426
2017,MALE,94,DOMINIC,426
2017,MALE,95,NOLAN,424
2017,MALE,96,VICTOR,422
2017,MALE,97,CONNOR,420
2017,MALE,98,KEVIN,419
2017,MALE,99,COOPER,417
2017,MALE,100,EMILIANO,407
2017,FEMALE,1,EMMA,2316
2017,FEMALE,2,MIA,1887
2017,FEMALE,3,ISABELLA,1850
2017,FEMALE,4,SOPHIA,1827
2017,FEMALE,5,OLIVIA,1782
2017,FEMALE,6,AVA,1429
2017,FEMALE,7,CAMILA,1363
2017,FEMALE,8,SOFIA,1323
2017,FEMALE,9,ABIGAIL,1128
2017,FEMALE,10,VICTORIA,1116
2017,FEMALE,11,EMILY,1092
2017,FEMALE,12,EVELYN,1082
2017,FEMALE,13,CHARLOTTE,993
2017,FEMALE,14,AMELIA,949
2017,FEMALE,15,ELIZABETH,946
2017,FEMALE,16,AVERY,924
2017,FEMALE,17,SCARLETT,811
2017,FEMALE,18,HARPER,804
2017,FEMALE,19,GENESIS,787
2017,FEMALE,20,MADISON,733
2017,FEMALE,21,PENELOPE,707
2017,FEMALE,22,XIMENA,704
2017,FEMALE,23,ALEXA,670
2017,FEMALE,24,ALLISON,653
2017,FEMALE,25,ZOE,647
2017,FEMALE,26,LEAH,646
2017,FEMALE,27,LAYLA,645
2017,FEMALE,28,MILA,635
2017,FEMALE,29,ARIA,623
2017,FEMALE,30,AUBREY,607
2017,FEMALE,31,CHLOE,586
2017,FEMALE,32,ELLA,564
2017,FEMALE,33,LUNA,545
2017,FEMALE,34,MELANIE,545
2017,FEMALE,35,GRACE,538
2017,FEMALE,36,HANNAH,537
2017,FEMALE,37,ARIANA,536
2017,FEMALE,38,ZOEY,535
2017,FEMALE,39,NATALIE,527
2017,FEMALE,40,BROOKLYN,524
2017,FEMALE,41,ELENA,519
2017,FEMALE,42,SAMANTHA,516
2017,FEMALE,43,AALIYAH,498
2017,FEMALE,44,RILEY,491
2017,FEMALE,45,BELLA,483
2017,FEMALE,46,ANDREA,476
2017,FEMALE,47,CAROLINE,467
2017,FEMALE,48,AUDREY,465
2017,FEMALE,49,ELLIE,465
2017,FEMALE,50,HAZEL,461
2017,FEMALE,51,LILY,452
2017,FEMALE,52,ADDISON,446
2017,FEMALE,53,LILLIAN,444
2017,FEMALE,54,SAVANNAH,438
2017,FEMALE,55,ARIANNA,435
2017,FEMALE,56,NATALIA,433
2017,FEMALE,57,ELEANOR,426
2017,FEMALE,58,VALENTINA,425
2017,FEMALE,59,SARAH,420
2017,FEMALE,60,MADELYN,400
2017,FEMALE,61,MARIA,396
2017,FEMALE,62,AURORA,394
2017,FEMALE,63,ELIANA,386
2017,FEMALE,64,VIOLET,385
2017,FEMALE,65,KAYLEE,383
2017,FEMALE,66,PAISLEY,381
2017,FEMALE,67,DELILAH,376
2017,FEMALE,68,GABRIELLA,375
2017,FEMALE,69,HAILEY,370
2017,FEMALE,70,KATHERINE,370
2017,FEMALE,71,VALERIA,369
2017,FEMALE,72,NEVAEH,367
2017,FEMALE,73,KENNEDY,365
2017,FEMALE,74,BRIANNA,363
2017,FEMALE,75,STELLA,363
2017,FEMALE,76,ADELINE,356
2017,FEMALE,77,ADALYNN,354
2017,FEMALE,78,ANNA,353
2017,FEMALE,79,CLAIRE,353
2017,FEMALE,80,ASHLEY,348
2017,FEMALE,81,SADIE,348
2017,FEMALE,82,EMILIA,341
2017,FEMALE,83,EVERLY,340
2017,FEMALE,84,MAYA,337
2017,FEMALE,85,ALICE,335
2017,FEMALE,86,SKYLAR,334
2017,FEMALE,87,EMERY,333
2017,FEMALE,88,LILIANA,332
2017,FEMALE,89,SERENITY,332
2017,FEMALE,90,NAOMI,317
2017,FEMALE,91,JADE,316
2017,FEMALE,92,KIMBERLY,315
2017,FEMALE,93,KINSLEY,315
2017,FEMALE,94,EVA,314
2017,FEMALE,95,AUBREE,312
2017,FEMALE,96,AUTUMN,305
2017,FEMALE,97,DANIELA,304
2017,FEMALE,98,GIANNA,304
2017,FEMALE,99,LUCY,304
2017,FEMALE,100,ARIEL,300
2018,MALE,1,LIAM,2156
2018,MALE,2,NOAH,1917
2018,MALE,3,SEBASTIAN,1570
2018,MALE,4,MATEO,1559
2018,MALE,5,ELIJAH,1471
2018,MALE,6,DANIEL,1383
2018,MALE,7,JACOB,1309
2018,MALE,8,ETHAN,1267
2018,MALE,9,MATTHEW,1251
2018,MALE,10,ALEXANDER,1242
2018,MALE,11,DAVID,1218
2018,MALE,12,JAMES,1207
2018,MALE,13,BENJAMIN,1205
2018,MALE,14,JOSE,1202
2018,MALE,15,SANTIAGO,1175
2018,MALE,16,WILLIAM,1161
2018,MALE,17,MICHAEL,1124
2018,MALE,18,AIDEN,1118
2018,MALE,19,DYLAN,1109
2018,MALE,20,JULIAN,1101
2018,MALE,21,OLIVER,1090
2018,MALE,22,LUKE,1083
2018,MALE,23,JAYDEN,1080
2018,MALE,24,LOGAN,1061
2018,MALE,25,ANGEL,1005
2018,MALE,26,MASON,1002
2018,MALE,27,SAMUEL,993
2018,MALE,28,LUCAS,986
2018,MALE,29,ISAAC,946
2018,MALE,30,LEVI,929
2018,MALE,31,JOSIAH,925
2018,MALE,32,ANTHONY,922
2018,MALE,33,CHRISTOPHER,918
2018,MALE,34,CHRISTIAN,876
2018,MALE,35,JOHN,875
2018,MALE,36,AARON,872
2018,MALE,37,NATHAN,865
2018,MALE,38,ADRIAN,864
2018,MALE,39,JOSHUA,861
2018,MALE,40,GABRIEL,843
2018,MALE,41,JOSEPH,834
2018,MALE,42,JACKSON,806
2018,MALE,43,WYATT,793
2018,MALE,44,JUAN,782
2018,MALE,45,JAXON,781
2018,MALE,46,LEONARDO,770
2018,MALE,47,ANDREW,766
2018,MALE,48,JONATHAN,758
2018,MALE,49,CALEB,753
2018,MALE,50,JEREMIAH,742
2018,MALE,51,GRAYSON,736
2018,MALE,52,ISAIAH,735
2018,MALE,53,IAN,723
2018,MALE,54,CARTER,720
2018,MALE,55,HENRY,719
2018,MALE,56,LUIS,704
2018,MALE,57,JESUS,693
2018,MALE,58,ELIAS,675
2018,MALE,59,DAMIAN,671
2018,MALE,60,EZRA,665
2018,MALE,61,GAEL,663
2018,MALE,62,DIEGO,658
2018,MALE,63,RYAN,653
2018,MALE,64,CARLOS,652
2018,MALE,65,ELI,628
2018,MALE,66,ASHER,613
2018,MALE,67,EZEKIEL,594
2018,MALE,68,JACK,590
2018,MALE,69,AXEL,582
2018,MALE,70,HUDSON,553
2018,MALE,71,LINCOLN,547
2018,MALE,72,OWEN,521
2018,MALE,73,JORDAN,508
2018,MALE,74,EASTON,502
2018,MALE,75,THOMAS,493
2018,MALE,76,LEO,489
2018,MALE,77,CHARLES,468
2018,MALE,78,ROBERT,467
2018,MALE,79,ADAM,457
2018,MALE,80,IVAN,453
2018,MALE,81,MATIAS,452
2018,MALE,82,LANDON,448
2018,MALE,83,JACE,447
2018,MALE,84,ALEJANDRO,438
2018,MALE,85,JASON,437
2018,MALE,86,MIGUEL,435
2018,MALE,87,EMILIANO,426
2018,MALE,88,EVAN,422
2018,MALE,89,CONNOR,421
2018,MALE,90,DOMINIC,421
2018,MALE,91,NICHOLAS,419
2018,MALE,92,AUSTIN,417
2018,MALE,93,AYDEN,415
2018,MALE,94,XAVIER,413
2018,MALE,95,VICTOR,408
2018,MALE,96,HUNTER,404
2018,MALE,97,ROMAN,403
2018,MALE,98,NOLAN,402
2018,MALE,99,COOPER,398
2018,MALE,100,KEVIN,398
2018,FEMALE,1,EMMA,2166
2018,FEMALE,2,ISABELLA,1847
2018,FEMALE,3,OLIVIA,1802
2018,FEMALE,4,MIA,1665
2018,FEMALE,5,SOPHIA,1628
2018,FEMALE,6,CAMILA,1543
2018,FEMALE,7,AVA,1379
2018,FEMALE,8,SOFIA,1243
2018,FEMALE,9,VICTORIA,1137
2018,FEMALE,10,EVELYN,1039
2018,FEMALE,11,AMELIA,1033
2018,FEMALE,12,ABIGAIL,1024
2018,FEMALE,13,CHARLOTTE,984
2018,FEMALE,14,EMILY,973
2018,FEMALE,15,ELIZABETH,920
2018,FEMALE,16,AVERY,916
2018,FEMALE,17,MILA,815
2018,FEMALE,18,SCARLETT,773
2018,FEMALE,19,HARPER,772
2018,FEMALE,20,GENESIS,762
2018,FEMALE,21,LUNA,752
2018,FEMALE,22,XIMENA,711
2018,FEMALE,23,ARIA,698
2018,FEMALE,24,LAYLA,695
2018,FEMALE,25,PENELOPE,675
2018,FEMALE,26,LEAH,670
2018,FEMALE,27,MADISON,656
2018,FEMALE,28,ZOE,633
2018,FEMALE,29,ELLA,619
2018,FEMALE,30,GRACE,587
2018,FEMALE,31,ELENA,556
2018,FEMALE,32,ALLISON,552
2018,FEMALE,33,CHLOE,541
2018,FEMALE,34,ALEXA,537
2018,FEMALE,35,ARIANA,527
2018,FEMALE,36,ZOEY,523
2018,FEMALE,37,HANNAH,516
2018,FEMALE,38,AUBREY,509
2018,FEMALE,39,NATALIE,500
2018,FEMALE,40,NATALIA,499
2018,FEMALE,41,RILEY,497
2018,FEMALE,42,LILY,485
2018,FEMALE,43,MELANIE,477
2018,FEMALE,44,ELLIE,476
2018,FEMALE,45,ADDISON,473
2018,FEMALE,46,AUDREY,468
2018,FEMALE,47,VALENTINA,467
2018,FEMALE,48,AURORA,464
2018,FEMALE,49,BELLA,462
2018,FEMALE,50,AALIYAH,454
2018,FEMALE,51,ELEANOR,448
2018,FEMALE,52,EMILIA,446
2018,FEMALE,53,ELIANA,441
2018,FEMALE,54,EVERLY,437
2018,FEMALE,55,VIOLET,435
2018,FEMALE,56,ARIANNA,433
2018,FEMALE,57,SAMANTHA,432
2018,FEMALE,58,HAZEL,430
2018,FEMALE,59,BROOKLYN,425
2018,FEMALE,60,ANDREA,420
2018,FEMALE,61,CAROLINE,418
2018,FEMALE,62,SAVANNAH,411
2018,FEMALE,63,SARAH,403
2018,FEMALE,64,VALERIA,399
2018,FEMALE,65,DELILAH,389
2018,FEMALE,66,MARIA,384
2018,FEMALE,67,EMERY,383
2018,FEMALE,68,STELLA,380
2018,FEMALE,69,MADELYN,379
2018,FEMALE,70,SKYLAR,377
2018,FEMALE,71,LILLIAN,371
2018,FEMALE,72,ASHLEY,369
2018,FEMALE,73,NAOMI,368
2018,FEMALE,74,GIANNA,367
2018,FEMALE,75,KENNEDY,362
2018,FEMALE,76,SERENITY,361
2018,FEMALE,77,PAISLEY,358
2018,FEMALE,78,ADALYNN,353
2018,FEMALE,79,EVA,351
2018,FEMALE,80,KAYLEE,351
2018,FEMALE,81,KATHERINE,349
2018,FEMALE,82,LEILANI,346
2018,FEMALE,83,NOVA,340
2018,FEMALE,84,CATALINA,334
2018,FEMALE,85,ANNA,321
2018,FEMALE,86,DANIELA,318
2018,FEMALE,87,MAYA,317
2018,FEMALE,88,NEVAEH,315
2018,FEMALE,89,GABRIELLA,314
2018,FEMALE,90,LILIANA,312
2018,FEMALE,91,SADIE,309
2018,FEMALE,92,CLAIRE,308
2018,FEMALE,93,KIMBERLY,305
2018,FEMALE,94,LUCY,305
2018,FEMALE,95,NORA,305
2018,FEMALE,96,RUBY,295
2018,FEMALE,97,ANA,294
2018,FEMALE,98,HAILEY,294
2018,FEMALE,99,ALICE,291
2018,FEMALE,100,ATHENA,289
2019,MALE,1,LIAM,2231
2019,MALE,2,NOAH,2087
2019,MALE,3,MATEO,1742
2019,MALE,4,ELIJAH,1615
2019,MALE,5,SEBASTIAN,1569
2019,MALE,6,DANIEL,1335
2019,MALE,7,SANTIAGO,1258
2019,MALE,8,JULIAN,1221
2019,MALE,9,ETHAN,1214
2019,MALE,10,JACOB,1186
2019,MALE,11,ALEXANDER,1184
2019,MALE,12,BENJAMIN,1175
2019,MALE,13,MATTHEW,1153
2019,MALE,14,OLIVER,1152
2019,MALE,15,JOSE,1121
2019,MALE,16,WILLIAM,1104
2019,MALE,17,DAVID,1101
2019,MALE,18,JAMES,1081
2019,MALE,19,LUCAS,1053
2019,MALE,20,LUKE,1047
2019,MALE,21,JAYDEN,1016
2019,MALE,22,MICHAEL,1014
2019,MALE,23,SAMUEL,996
2019,MALE,24,ANGEL,961
2019,MALE,25,ISAAC,953
2019,MALE,26,LEVI,949
2019,MALE,27,JOSIAH,946
2019,MALE,28,AIDEN,935
2019,MALE,29,ADRIAN,922
2019,MALE,30,MASON,900
2019,MALE,31,DYLAN,896
2019,MALE,32,CHRISTOPHER,881
2019,MALE,33,LEONARDO,855
2019,MALE,34,JOHN,854
2019,MALE,35,GABRIEL,846
2019,MALE,36,LOGAN,846
2019,MALE,37,ANTHONY,845
2019,MALE,38,JOSEPH,832
2019,MALE,39,EZRA,808
2019,MALE,40,CHRISTIAN,789
2019,MALE,41,AARON,776
2019,MALE,42,LUIS,772
2019,MALE,43,JOSHUA,770
2019,MALE,44,JACKSON,759
2019,MALE,45,AXEL,755
2019,MALE,46,ISAIAH,751
2019,MALE,47,HENRY,745
2019,MALE,48,ELIAS,741
2019,MALE,49,ANDREW,737
2019,MALE,50,WYATT,733
2019,MALE,51,NATHAN,731
2019,MALE,52,JONATHAN,714
2019,MALE,53,CALEB,712
2019,MALE,54,GRAYSON,712
2019,MALE,55,JAXON,711
2019,MALE,56,EZEKIEL,697
2019,MALE,57,JUAN,693
2019,MALE,58,IAN,690
2019,MALE,59,JEREMIAH,685
2019,MALE,60,JESUS,673
2019,MALE,61,JACK,670
2019,MALE,62,CARTER,667
2019,MALE,63,DIEGO,665
2019,MALE,64,DAMIAN,653
2019,MALE,65,CARLOS,642
2019,MALE,66,GAEL,640
2019,MALE,67,ASHER,624
2019,MALE,68,RYAN,616
2019,MALE,69,LINCOLN,587
2019,MALE,70,ELI,583
2019,MALE,71,HUDSON,581
2019,MALE,72,OWEN,572
2019,MALE,73,LEO,533
2019,MALE,74,THOMAS,518
2019,MALE,75,CHARLES,485
2019,MALE,76,ALEJANDRO,481
2019,MALE,77,ROMAN,464
2019,MALE,78,MIGUEL,463
2019,MALE,79,ROBERT,460
2019,MALE,80,JASON,449
2019,MALE,81,LANDON,446
2019,MALE,82,JORDAN,443
2019,MALE,83,MAVERICK,438
2019,MALE,84,EMILIANO,437
2019,MALE,85,XAVIER,430
2019,MALE,86,EASTON,427
2019,MALE,87,THEODORE,427
2019,MALE,88,ADRIEL,426
2019,MALE,89,AUSTIN,426
2019,MALE,90,IVAN,419
2019,MALE,91,DOMINIC,418
2019,MALE,92,NICHOLAS,416
2019,MALE,93,MILES,404
2019,MALE,94,ANDRES,403
2019,MALE,95,EMMANUEL,402
2019,MALE,96,AYDEN,399
2019,MALE,97,NOLAN,399
2019,MALE,98,ADAM,395
2019,MALE,99,JAMESON,395
2019,MALE,100,ALAN,394
2019,FEMALE,1,EMMA,2047
2019,FEMALE,2,OLIVIA,1955
2019,FEMALE,3,ISABELLA,1751
2019,FEMALE,4,MIA,1701
2019,FEMALE,5,CAMILA,1663
2019,FEMALE,6,SOPHIA,1581
2019,FEMALE,7,AVA,1329
2019,FEMALE,8,SOFIA,1294
2019,FEMALE,9,AMELIA,1117
2019,FEMALE,10,VICTORIA,1064
2019,FEMALE,11,EVELYN,1034
2019,FEMALE,12,CHARLOTTE,1003
2019,FEMALE,13,EMILY,989
2019,FEMALE,14,ABIGAIL,951
2019,FEMALE,15,LUNA,845
2019,FEMALE,16,AVERY,823
2019,FEMALE,17,ELIZABETH,808
2019,FEMALE,18,GENESIS,778
2019,FEMALE,19,HARPER,759
2019,FEMALE,20,ARIA,735
2019,FEMALE,21,SCARLETT,729
2019,FEMALE,22,PENELOPE,718
2019,FEMALE,23,MILA,707
2019,FEMALE,24,ELLA,654
2019,FEMALE,25,LAYLA,641
2019,FEMALE,26,ZOE,640
2019,FEMALE,27,ELENA,638
2019,FEMALE,28,VALENTINA,637
2019,FEMALE,29,LEAH,627
2019,FEMALE,30,MADISON,570
2019,FEMALE,31,XIMENA,569
2019,FEMALE,32,HANNAH,559
2019,FEMALE,33,ARIANA,555
2019,FEMALE,34,ALLISON,551
2019,FEMALE,35,CHLOE,546
2019,FEMALE,36,ELLIE,542
2019,FEMALE,37,ELEANOR,521
2019,FEMALE,38,EMILIA,514
2019,FEMALE,39,ELIANA,497
2019,FEMALE,40,NATALIA,494
2019,FEMALE,41,NATALIE,491
2019,FEMALE,42,HAZEL,489
2019,FEMALE,43,VIOLET,485
2019,FEMALE,44,AUBREY,480
2019,FEMALE,45,ZOEY,478
2019,FEMALE,46,MELANIE,476
2019,FEMALE,47,GRACE,473
2019,FEMALE,48,EVERLY,466
2019,FEMALE,49,AURORA,460
2019,FEMALE,50,AALIYAH,452
2019,FEMALE,51,AUDREY,452
2019,FEMALE,52,RILEY,450
2019,FEMALE,53,LILY,449
2019,FEMALE,54,BELLA,445
2019,FEMALE,55,ADDISON,431
2019,FEMALE,56,ANDREA,427
2019,FEMALE,57,SAMANTHA,415
2019,FEMALE,58,MARIA,410
2019,FEMALE,59,VALERIA,409
2019,FEMALE,60,CAROLINE,405
2019,FEMALE,61,SAVANNAH,405
2019,FEMALE,62,BROOKLYN,404
2019,FEMALE,63,ALEXA,402
2019,FEMALE,64,MADELYN,402
2019,FEMALE,65,DELILAH,400
2019,FEMALE,66,STELLA,396
2019,FEMALE,67,CATALINA,390
2019,FEMALE,68,NAOMI,387
2019,FEMALE,69,LEILANI,378
2019,FEMALE,70,EMERY,372
2019,FEMALE,71,LILLIAN,362
2019,FEMALE,72,ARIANNA,361
2019,FEMALE,73,PAISLEY,354
2019,FEMALE,74,KENNEDY,353
2019,FEMALE,75,GABRIELLA,347
2019,FEMALE,76,HAILEY,347
2019,FEMALE,77,GIANNA,346
2019,FEMALE,78,CLAIRE,341
2019,FEMALE,79,SKYLAR,336
2019,FEMALE,80,MAYA,335
2019,FEMALE,81,IVY,332
2019,FEMALE,82,NEVAEH,331
2019,FEMALE,83,SARAH,325
2019,FEMALE,84,SERENITY,322
2019,FEMALE,85,ASHLEY,318
2019,FEMALE,86,LUCY,311
2019,FEMALE,87,ARYA,310
2019,FEMALE,88,NOVA,309
2019,FEMALE,89,ALICE,308
2019,FEMALE,90,JADE,307
2019,FEMALE,91,MADELINE,307
2019,FEMALE,92,ANA,302
2019,FEMALE,93,KATHERINE,298
2019,FEMALE,94,EVA,294
2019,FEMALE,95,LILIANA,294
2019,FEMALE,96,ADALYNN,293
2019,FEMALE,97,KAYLEE,292
2019,FEMALE,98,DANIELA,291
2019,FEMALE,99,NORA,291
2019,FEMALE,100,KINSLEY,289
2020,MALE,1,LIAM,2219
2020,MALE,2,NOAH,2088
2020,MALE,3,MATEO,1722
2020,MALE,4,ELIJAH,1557
2020,MALE,5,SEBASTIAN,1479
2020,MALE,6,OLIVER,1293
2020,MALE,7,DANIEL,1219
2020,MALE,8,SANTIAGO,1171
2020,MALE,9,BENJAMIN,1136
2020,MALE,10,ALEXANDER,1121
2020,MALE,11,JOSE,1081
2020,MALE,12,JULIAN,1049
2020,MALE,13,JAMES,1048
2020,MALE,14,WILLIAM,1042
2020,MALE,15,ETHAN,1041
2020,MALE,16,DAVID,1019
2020,MALE,17,JACOB,1018
2020,MALE,18,LEVI,1005
2020,MALE,19,MATTHEW,988
2020,MALE,20,LUCAS,982
2020,MALE,21,SAMUEL,952
2020,MALE,22,MICHAEL,948
2020,MALE,23,LUKE,930
2020,MALE,24,AIDEN,911
2020,MALE,25,JAYDEN,892
2020,MALE,26,ANGEL,870
2020,MALE,27,DYLAN,853
2020,MALE,28,ISAAC,835
2020,MALE,29,EZRA,833
2020,MALE,30,JOHN,829
2020,MALE,31,ADRIAN,805
2020,MALE,32,ANTHONY,801
2020,MALE,33,JOSIAH,799
2020,MALE,34,MASON,793
2020,MALE,35,AARON,785
2020,MALE,36,HENRY,781
2020,MALE,37,GABRIEL,777
2020,MALE,38,ELIAS,773
2020,MALE,39,LOGAN,773
2020,MALE,40,GAEL,769
2020,MALE,41,JOSEPH,766
2020,MALE,42,CHRISTOPHER,748
2020,MALE,43,ISAIAH,747
2020,MALE,44,LEONARDO,737
2020,MALE,45,JOSHUA,734
2020,MALE,46,JUAN,722
2020,MALE,47,NATHAN,713
2020,MALE,48,EZEKIEL,711
2020,MALE,49,CHRISTIAN,709
2020,MALE,50,JACKSON,699
2020,MALE,51,WYATT,697
2020,MALE,52,ASHER,672
2020,MALE,53,IAN,665
2020,MALE,54,LUIS,654
2020,MALE,55,AXEL,645
2020,MALE,56,JEREMIAH,636
2020,MALE,57,JAXON,634
2020,MALE,58,GRAYSON,632
2020,MALE,59,ANDREW,630
2020,MALE,60,DAMIAN,625
2020,MALE,61,DIEGO,621
2020,MALE,62,JONATHAN,616
2020,MALE,63,JESUS,614
2020,MALE,64,CARLOS,602
2020,MALE,65,ELI,587
2020,MALE,66,CALEB,582
2020,MALE,67,CARTER,575
2020,MALE,68,JACK,573
2020,MALE,69,ADRIEL,563
2020,MALE,70,LEO,541
2020,MALE,71,HUDSON,540
2020,MALE,72,LINCOLN,536
2020,MALE,73,OWEN,509
2020,MALE,74,MAVERICK,508
2020,MALE,75,THOMAS,492
2020,MALE,76,RYAN,490
2020,MALE,77,THEODORE,486
2020,MALE,78,CHARLES,460
2020,MALE,79,JORDAN,454
2020,MALE,80,ROMAN,445
2020,MALE,81,COOPER,444
2020,MALE,82,MIGUEL,443
2020,MALE,83,ALEJANDRO,433
2020,MALE,84,ROBERT,430
2020,MALE,85,AUSTIN,427
2020,MALE,86,NOLAN,427
2020,MALE,87,EMMANUEL,425
2020,MALE,88,EMILIANO,422
2020,MALE,89,LUCA,421
2020,MALE,90,XAVIER,407
2020,MALE,91,GIOVANNI,401
2020,MALE,92,EASTON,400
2020,MALE,93,ADAM,390
2020,MALE,94,DOMINIC,388
2020,MALE,95,NICHOLAS,383
2020,MALE,96,JASON,380
2020,MALE,97,MILES,378
2020,MALE,98,IVAN,375
2020,MALE,99,KAI,373
2020,MALE,100,ANDRES,372
2020,FEMALE,1,OLIVIA,1930
2020,FEMALE,2,EMMA,1842
2020,FEMALE,3,CAMILA,1750
2020,FEMALE,4,ISABELLA,1673
2020,FEMALE,5,MIA,1490
2020,FEMALE,6,SOPHIA,1471
2020,FEMALE,7,AVA,1233
2020,FEMALE,8,AMELIA,1149
2020,FEMALE,9,SOFIA,1133
2020,FEMALE,10,CHARLOTTE,1033
2020,FEMALE,11,GIANNA,990
2020,FEMALE,12,EVELYN,952
2020,FEMALE,13,LUNA,877
2020,FEMALE,14,ABIGAIL,869
2020,FEMALE,15,VICTORIA,834
2020,FEMALE,16,EMILY,787
2020,FEMALE,17,ELIZABETH,774
2020,FEMALE,18,HARPER,733
2020,FEMALE,19,AVERY,732
2020,FEMALE,20,MILA,671
2020,FEMALE,21,GENESIS,663
2020,FEMALE,22,PENELOPE,660
2020,FEMALE,23,SCARLETT,659
2020,FEMALE,24,LAYLA,658
2020,FEMALE,25,ELLA,612
2020,FEMALE,26,ELENA,606
2020,FEMALE,27,ELLIE,594
2020,FEMALE,28,LEAH,577
2020,FEMALE,29,NATALIA,576
2020,FEMALE,30,ARIA,575
2020,FEMALE,31,ZOE,571
2020,FEMALE,32,MADISON,565
2020,FEMALE,33,ELIANA,552
2020,FEMALE,34,CHLOE,544
2020,FEMALE,35,EMILIA,526
2020,FEMALE,36,HAZEL,514
2020,FEMALE,37,XIMENA,508
2020,FEMALE,38,ELEANOR,505
2020,FEMALE,39,VALENTINA,492
2020,FEMALE,40,ZOEY,488
2020,FEMALE,41,LEILANI,486
2020,FEMALE,42,EVERLY,483
2020,FEMALE,43,ALLISON,477
2020,FEMALE,44,GRACE,472
2020,FEMALE,45,AURORA,468
2020,FEMALE,46,RILEY,466
2020,FEMALE,47,LILY,459
2020,FEMALE,48,ARIANA,458
2020,FEMALE,49,HANNAH,454
2020,FEMALE,50,VIOLET,449
2020,FEMALE,51,AALIYAH,442
2020,FEMALE,52,ADDISON,435
2020,FEMALE,53,NOVA,430
2020,FEMALE,54,DELILAH,420
2020,FEMALE,55,MELANIE,420
2020,FEMALE,56,NATALIE,418
2020,FEMALE,57,SAMANTHA,415
2020,FEMALE,58,BROOKLYN,401
2020,FEMALE,59,CATALINA,397
2020,FEMALE,60,MARIA,388
2020,FEMALE,61,BELLA,387
2020,FEMALE,62,AUDREY,384
2020,FEMALE,63,NAOMI,384
2020,FEMALE,64,EMERY,381
2020,FEMALE,65,AUBREY,377
2020,FEMALE,66,ANDREA,376
2020,FEMALE,67,STELLA,366
2020,FEMALE,68,MADELYN,353
2020,FEMALE,69,ARIANNA,352
2020,FEMALE,70,SERENITY,351
2020,FEMALE,71,CAROLINE,349
2020,FEMALE,72,ALAIA,343
2020,FEMALE,73,NEVAEH,335
2020,FEMALE,74,MELODY,333
2020,FEMALE,75,ADALYNN,332
2020,FEMALE,76,PAISLEY,331
2020,FEMALE,77,VALERIA,330
2020,FEMALE,78,LILLIAN,327
2020,FEMALE,79,MADELINE,325
2020,FEMALE,80,ANNA,322
2020,FEMALE,81,CLAIRE,322
2020,FEMALE,82,IVY,322
2020,FEMALE,83,JADE,321
2020,FEMALE,84,SARAH,321
2020,FEMALE,85,ALICE,309
2020,FEMALE,86,SAVANNAH,309
2020,FEMALE,87,SKYLAR,309
2020,FEMALE,88,MAYA,305
2020,FEMALE,89,EVA,303
2020,FEMALE,90,LUCY,300
2020,FEMALE,91,NORA,299
2020,FEMALE,92,ISLA,293
2020,FEMALE,93,HAILEY,291
2020,FEMALE,94,AUTUMN,288
2020,FEMALE,95,GABRIELLA,284
2020,FEMALE,96,ALEXA,283
2020,FEMALE,97,PARKER,279
2020,FEMALE,98,LILIANA,277
2020,FEMALE,99,ANA,276
2020,FEMALE,100,KAMILA,276
2021,MALE,1,LIAM,2425
2021,MALE,2,NOAH,2032
2021,MALE,3,ELIJAH,1612
2021,MALE,4,MATEO,1603
2021,MALE,5,SEBASTIAN,1523
2021,MALE,6,SANTIAGO,1252
2021,MALE,7,OLIVER,1236
2021,MALE,8,DANIEL,1127
2021,MALE,9,JOSE,1120
2021,MALE,10,BENJAMIN,1074
2021,MALE,11,JAMES,1063
2021,MALE,12,LEVI,1060
2021,MALE,13,ETHAN,1053
2021,MALE,14,ALEXANDER,1049
2021,MALE,15,JULIAN,1026
2021,MALE,16,WILLIAM,1005
2021,MALE,17,LUCAS,1004
2021,MALE,18,DAVID,986
2021,MALE,19,ANGEL,969
2021,MALE,20,JACOB,953
2021,MALE,21,SAMUEL,939
2021,MALE,22,JAYDEN,924
2021,MALE,23,LUKE,919
2021,MALE,24,AIDEN,916
2021,MALE,25,EZRA,913
2021,MALE,26,ELIAS,905
2021,MALE,27,MATTHEW,902
2021,MALE,28,GABRIEL,884
2021,MALE,29,JOSIAH,872
2021,MALE,30,EZEKIEL,862
2021,MALE,31,DYLAN,835
2021,MALE,32,MICHAEL,834
2021,MALE,33,GAEL,801
2021,MALE,34,HENRY,789
2021,MALE,35,ISAAC,785
2021,MALE,36,JOHN,780
2021,MALE,37,ADRIAN,772
2021,MALE,38,ANTHONY,772
2021,MALE,39,LEONARDO,768
2021,MALE,40,LOGAN,764
2021,MALE,41,CHRISTOPHER,759
2021,MALE,42,ISAIAH,721
2021,MALE,43,JOSEPH,716
2021,MALE,44,WYATT,714
2021,MALE,45,CHRISTIAN,702
2021,MALE,46,ASHER,694
2021,MALE,47,AARON,690
2021,MALE,48,JUAN,690
2021,MALE,49,MASON,687
2021,MALE,50,JACKSON,670
2021,MALE,51,NATHAN,668
2021,MALE,52,AXEL,667
2021,MALE,53,JOSHUA,661
2021,MALE,54,LUIS,659
2021,MALE,55,CALEB,654
2021,MALE,56,JACK,638
2021,MALE,57,DIEGO,628
2021,MALE,58,THEODORE,621
2021,MALE,59,HUDSON,612
2021,MALE,60,DAMIAN,610
2021,MALE,61,JAXON,605
2021,MALE,62,ANDREW,604
2021,MALE,63,IAN,601
2021,MALE,64,JESUS,600
2021,MALE,65,LEO,598
2021,MALE,66,JEREMIAH,596
2021,MALE,67,GRAYSON,588
2021,MALE,68,CARLOS,586
2021,MALE,69,JONATHAN,583
2021,MALE,70,LUCA,573
2021,MALE,71,CARTER,556
2021,MALE,72,MAVERICK,541
2021,MALE,73,THOMAS,526
2021,MALE,74,OWEN,522
2021,MALE,75,ELI,517
2021,MALE,76,ROMAN,485
2021,MALE,77,LINCOLN,484
2021,MALE,78,ADRIEL,479
2021,MALE,79,RYAN,477
2021,MALE,80,LUKA,476
2021,MALE,81,EMILIANO,457
2021,MALE,82,CHARLES,442
2021,MALE,83,NOLAN,440
2021,MALE,84,JORDAN,430
2021,MALE,85,MIGUEL,426
2021,MALE,86,ALEJANDRO,424
2021,MALE,87,MILES,424
2021,MALE,88,ROBERT,423
2021,MALE,89,KAI,416
2021,MALE,90,MICAH,413
2021,MALE,91,EASTON,411
2021,MALE,92,XAVIER,402
2021,MALE,93,IVAN,392
2021,MALE,94,LORENZO,391
2021,MALE,95,GIOVANNI,390
2021,MALE,96,ANDRES,389
2021,MALE,97,COOPER,387
2021,MALE,98,THIAGO,381
2021,MALE,99,LANDON,377
2021,MALE,100,MATIAS,377
2021,FEMALE,1,OLIVIA,1957
2021,FEMALE,2,EMMA,1855
2021,FEMALE,3,CAMILA,1724
2021,FEMALE,4,ISABELLA,1452
2021,FEMALE,5,MIA,1430
2021,FEMALE,6,SOPHIA,1397
2021,FEMALE,7,AVA,1252
2021,FEMALE,8,AMELIA,1217
2021,FEMALE,9,CHARLOTTE,1055
2021,FEMALE,10,SOFIA,1051
2021,FEMALE,11,LUNA,923
2021,FEMALE,12,EVELYN,909
2021,FEMALE,13,GIANNA,882
2021,FEMALE,14,EMILY,792
2021,FEMALE,15,ELIZABETH,765
2021,FEMALE,16,ABIGAIL,742
2021,FEMALE,17,AVERY,733
2021,FEMALE,18,VICTORIA,703
2021,FEMALE,19,SCARLETT,702
2021,FEMALE,20,ARIA,684
2021,FEMALE,21,HARPER,668
2021,FEMALE,22,PENELOPE,648
2021,FEMALE,23,ELENA,643
2021,FEMALE,24,ELEANOR,629
2021,FEMALE,25,MILA,618
2021,FEMALE,26,ELLIE,596
2021,FEMALE,27,GENESIS,589
2021,FEMALE,28,LAYLA,575
2021,FEMALE,29,ZOE,575
2021,FEMALE,30,AURORA,572
2021,FEMALE,31,ELLA,572
2021,FEMALE,32,NATALIA,568
2021,FEMALE,33,ELIANA,560
2021,FEMALE,34,EMILIA,558
2021,FEMALE,35,LEILANI,548
2021,FEMALE,36,CHLOE,542
2021,FEMALE,37,HAZEL,538
2021,FEMALE,38,MADISON,538
2021,FEMALE,39,ALLISON,530
2021,FEMALE,40,LEAH,529
2021,FEMALE,41,VALENTINA,526
2021,FEMALE,42,XIMENA,513
2021,FEMALE,43,DELILAH,490
2021,FEMALE,44,VIOLET,488
2021,FEMALE,45,NOVA,482
2021,FEMALE,46,AALIYAH,463
2021,FEMALE,47,EVERLY,462
2021,FEMALE,48,LILY,456
2021,FEMALE,49,GRACE,452
2021,FEMALE,50,ARIANA,449
2021,FEMALE,51,CATALINA,447
2021,FEMALE,52,ZOEY,438
2021,FEMALE,53,HANNAH,419
2021,FEMALE,54,NATALIE,410
2021,FEMALE,55,RILEY,401
2021,FEMALE,56,ADDISON,400
2021,FEMALE,57,MARIA,400
2021,FEMALE,58,NAOMI,396
2021,FEMALE,59,IVY,382
2021,FEMALE,60,ANDREA,379
2021,FEMALE,61,STELLA,374
2021,FEMALE,62,AUDREY,372
2021,FEMALE,63,MADELYN,365
2021,FEMALE,64,BELLA,363
2021,FEMALE,65,NORA,357
2021,FEMALE,66,SERENITY,356
2021,FEMALE,67,ALICE,346
2021,FEMALE,68,EMERY,345
2021,FEMALE,69,AUBREY,341
2021,FEMALE,70,CLAIRE,340
2021,FEMALE,71,ISLA,335
2021,FEMALE,72,MAYA,335
2021,FEMALE,73,NEVAEH,333
2021,FEMALE,74,LILLIAN,332
2021,FEMALE,75,CAROLINE,330
2021,FEMALE,76,LILIANA,330
2021,FEMALE,77,PAISLEY,330
2021,FEMALE,78,BROOKLYN,328
2021,FEMALE,79,WILLOW,326
2021,FEMALE,80,KINSLEY,325
2021,FEMALE,81,JADE,324
2021,FEMALE,82,LUCY,324
2021,FEMALE,83,VALERIA,324
2021,FEMALE,84,MELANIE,322
2021,FEMALE,85,AUTUMN,321
2021,FEMALE,86,SAMANTHA,321
2021,FEMALE,87,ALAIA,310
2021,FEMALE,88,SAVANNAH,306
2021,FEMALE,89,ADALYNN,305
2021,FEMALE,90,KENNEDY,301
2021,FEMALE,91,ATHENA,296
2021,FEMALE,92,GABRIELLA,295
2021,FEMALE,93,ARIANNA,293
2021,FEMALE,94,SOPHIE,293
2021,FEMALE,95,LUCIA,288
2021,FEMALE,96,MELODY,288
2021,FEMALE,97,HAILEY,278
2021,FEMALE,98,ANA,275
2021,FEMALE,99,KAMILA,273
2021,FEMALE,100,ALINA,269
2022,MALE,1,LIAM,2548
2022,MALE,2,NOAH,2142
2022,MALE,3,MATEO,1935
2022,MALE,4,SEBASTIAN,1601
2022,MALE,5,SANTIAGO,1529
2022,MALE,6,ELIJAH,1493
2022,MALE,7,OLIVER,1361
2022,MALE,8,DANIEL,1195
2022,MALE,9,JOSE,1108
2022,MALE,10,LEVI,1100
2022,MALE,11,JAMES,1067
2022,MALE,12,BENJAMIN,1064
2022,MALE,13,ANGEL,1061
2022,MALE,14,JULIAN,1053
2022,MALE,15,ALEXANDER,1052
2022,MALE,16,LUCAS,1040
2022,MALE,17,EZRA,1013
2022,MALE,18,ETHAN,1003
2022,MALE,19,WILLIAM,999
2022,MALE,20,DAVID,977
2022,MALE,21,LUKE,962
2022,MALE,22,ELIAS,960
2022,MALE,23,AIDEN,920
2022,MALE,24,SAMUEL,918
2022,MALE,25,EZEKIEL,916
2022,MALE,26,JACOB,916
2022,MALE,27,MATTHEW,899
2022,MALE,28,DYLAN,869
2022,MALE,29,JAYDEN,867
2022,MALE,30,JOSIAH,855
2022,MALE,31,GABRIEL,835
2022,MALE,32,LEONARDO,834
2022,MALE,33,MICHAEL,824
2022,MALE,34,GAEL,815
2022,MALE,35,HENRY,801
2022,MALE,36,JOHN,790
2022,MALE,37,ADRIAN,766
2022,MALE,38,JOSEPH,757
2022,MALE,39,ANTHONY,741
2022,MALE,40,JUAN,740
2022,MALE,41,ASHER,737
2022,MALE,42,LUCA,732
2022,MALE,43,ISAAC,726
2022,MALE,44,CHRISTOPHER,722
2022,MALE,45,NATHAN,717
2022,MALE,46,CALEB,706
2022,MALE,47,AXEL,702
2022,MALE,48,THEODORE,694
2022,MALE,49,LUIS,693
2022,MALE,50,IAN,691
2022,MALE,51,ISAIAH,689
2022,MALE,52,DAMIAN,679
2022,MALE,53,CHRISTIAN,678
2022,MALE,54,LEO,671
2022,MALE,55,DIEGO,658
2022,MALE,56,AARON,656
2022,MALE,57,LOGAN,656
2022,MALE,58,GRAYSON,652
2022,MALE,59,HUDSON,629
2022,MALE,60,JOSHUA,627
2022,MALE,61,MASON,618
2022,MALE,62,JACKSON,606
2022,MALE,63,JACK,600
2022,MALE,64,ADRIEL,598
2022,MALE,65,CARLOS,597
2022,MALE,66,MAVERICK,587
2022,MALE,67,JESUS,586
2022,MALE,68,WYATT,580
2022,MALE,69,JONATHAN,567
2022,MALE,70,ANDREW,563
2022,MALE,71,THIAGO,553
2022,MALE,72,JEREMIAH,540
2022,MALE,73,THOMAS,533
2022,MALE,74,CARTER,530
2022,MALE,75,COOPER,528
2022,MALE,76,ROMAN,525
2022,MALE,77,LUKA,520
2022,MALE,78,OWEN,515
2022,MALE,79,KAI,510
2022,MALE,80,ELI,505
2022,MALE,81,MICAH,493
2022,MALE,82,EMILIANO,487
2022,MALE,83,JAXON,480
2022,MALE,84,ALEJANDRO,464
2022,MALE,85,MILES,460
2022,MALE,86,CHARLES,457
2022,MALE,87,GIOVANNI,436
2022,MALE,88,RYAN,436
2022,MALE,89,JORDAN,434
2022,MALE,90,MATIAS,431
2022,MALE,91,LINCOLN,430
2022,MALE,92,MIGUEL,426
2022,MALE,93,ANDRES,425
2022,MALE,94,NOLAN,416
2022,MALE,95,XAVIER,411
2022,MALE,96,ROBERT,408
2022,MALE,97,BROOKS,402
2022,MALE,98,PARKER,396
2022,MALE,99,EASTON,394
2022,MALE,100,WALKER,392
2022,FEMALE,1,OLIVIA,1907
2022,FEMALE,2,EMMA,1806
2022,FEMALE,3,CAMILA,1732
2022,FEMALE,4,ISABELLA,1648
2022,FEMALE,5,MIA,1479
2022,FEMALE,6,SOPHIA,1449
2022,FEMALE,7,AMELIA,1229
2022,FEMALE,8,SOFIA,1214
2022,FEMALE,9,LUNA,1081
2022,FEMALE,10,AVA,1073
2022,FEMALE,11,CHARLOTTE,1013
2022,FEMALE,12,EVELYN,991
2022,FEMALE,13,GIANNA,827
2022,FEMALE,14,EMILY,825
2022,FEMALE,15,ELIZABETH,790
2022,FEMALE,16,VICTORIA,787
2022,FEMALE,17,SCARLETT,773
2022,FEMALE,18,MILA,756
2022,FEMALE,19,ARIA,712
2022,FEMALE,20,AVERY,700
2022,FEMALE,21,ABIGAIL,696
2022,FEMALE,22,LEILANI,696
2022,FEMALE,23,ELENA,691
2022,FEMALE,24,ZOE,670
2022,FEMALE,25,ELIANA,669
2022,FEMALE,26,PENELOPE,667
2022,FEMALE,27,LAYLA,642
2022,FEMALE,28,AURORA,633
2022,FEMALE,29,HARPER,628
2022,FEMALE,30,VALENTINA,624
2022,FEMALE,31,ELEANOR,595
2022,FEMALE,32,CHLOE,588
2022,FEMALE,33,GENESIS,586
2022,FEMALE,34,VIOLET,586
2022,FEMALE,35,HAZEL,573
2022,FEMALE,36,EMILIA,569
2022,FEMALE,37,NATALIA,558
2022,FEMALE,38,ELLIE,556
2022,FEMALE,39,NOVA,531
2022,FEMALE,40,MADISON,529
2022,FEMALE,41,ELLA,527
2022,FEMALE,42,LEAH,523
2022,FEMALE,43,XIMENA,509
2022,FEMALE,44,LILY,498
2022,FEMALE,45,MARIA,497
2022,FEMALE,46,HANNAH,489
2022,FEMALE,47,CATALINA,471
2022,FEMALE,48,NAOMI,454
2022,FEMALE,49,RILEY,442
2022,FEMALE,50,IVY,441
2022,FEMALE,51,ARIANA,439
2022,FEMALE,52,DELILAH,436
2022,FEMALE,53,GRACE,431
2022,FEMALE,54,ALLISON,428
2022,FEMALE,55,NATALIE,424
2022,FEMALE,56,AALIYAH,423
2022,FEMALE,57,ANDREA,423
2022,FEMALE,58,STELLA,417
2022,FEMALE,59,ZOEY,411
2022,FEMALE,60,MADELYN,386
2022,FEMALE,61,MAYA,383
2022,FEMALE,62,NORA,378
2022,FEMALE,63,ADDISON,367
2022,FEMALE,64,MELANIE,366
2022,FEMALE,65,EVERLY,360
2022,FEMALE,66,AUDREY,357
2022,FEMALE,67,SAMANTHA,356
2022,FEMALE,68,PAISLEY,352
2022,FEMALE,69,VALERIA,351
2022,FEMALE,70,ATHENA,349
2022,FEMALE,71,ALICE,348
2022,FEMALE,72,LUCIA,346
2022,FEMALE,73,LILIANA,340
2022,FEMALE,74,JADE,337
2022,FEMALE,75,EMERY,336
2022,FEMALE,76,SERENITY,331
2022,FEMALE,77,BELLA,330
2022,FEMALE,78,WILLOW,330
2022,FEMALE,79,ISLA,326
2022,FEMALE,80,AUTUMN,325
2022,FEMALE,81,LILLIAN,324
2022,FEMALE,82,NEVAEH,317
2022,FEMALE,83,CAROLINE,312
2022,FEMALE,84,HAILEY,311
2022,FEMALE,85,ADALYNN,309
2022,FEMALE,86,ANA,309
2022,FEMALE,87,AUBREY,307
2022,FEMALE,88,KAMILA,307
2022,FEMALE,89,BROOKLYN,304
2022,FEMALE,90,ASHLEY,303
2022,FEMALE,91,KINSLEY,299
2022,FEMALE,92,MELODY,299
2022,FEMALE,93,LUCY,298
2022,FEMALE,94,SARAH,298
2022,FEMALE,95,REGINA,297
2022,FEMALE,96,GABRIELLA,292
2022,FEMALE,97,ARYA,290
2022,FEMALE,98,ANNA,289
2022,FEMALE,99,RUBY,285
2022,FEMALE,100,JULIA,284
2023,MALE,1,LIAM,2774
2023,MALE,2,NOAH,2235
2023,MALE,3,MATEO,2120
2023,MALE,4,SANTIAGO,1567
2023,MALE,5,SEBASTIAN,1565
2023,MALE,6,ELIJAH,1473
2023,MALE,7,OLIVER,1421
2023,MALE,8,EZRA,1146
2023,MALE,9,LUCAS,1145
2023,MALE,10,LEVI,1100
2023,MALE,11,DANIEL,1070
2023,MALE,12,ELIAS,1054
2023,MALE,13,JULIAN,1053
2023,MALE,14,DYLAN,1030
2023,MALE,15,JOSE,1026
2023,MALE,16,ANGEL,1011
2023,MALE,17,JAMES,998
2023,MALE,18,BENJAMIN,975
2023,MALE,19,SAMUEL,968
2023,MALE,20,ALEXANDER,942
2023,MALE,21,DAVID,938
2023,MALE,22,ETHAN,933
2023,MALE,23,WILLIAM,911
2023,MALE,24,LUKE,880
2023,MALE,25,MATTHEW,875
2023,MALE,26,EZEKIEL,834
2023,MALE,27,JOHN,819
2023,MALE,28,GAEL,818
2023,MALE,29,GABRIEL,811
2023,MALE,30,JOSIAH,809
2023,MALE,31,ANTHONY,804
2023,MALE,32,MICHAEL,804
2023,MALE,33,HENRY,799
2023,MALE,34,JACOB,797
2023,MALE,35,LEONARDO,791
2023,MALE,36,ADRIAN,784
2023,MALE,37,THEODORE,775
2023,MALE,38,AIDEN,774
2023,MALE,39,JAYDEN,759
2023,MALE,40,LUCA,746
2023,MALE,41,THIAGO,740
2023,MALE,42,ISAAC,739
2023,MALE,43,ADRIEL,730
2023,MALE,44,ASHER,715
2023,MALE,45,CALEB,695
2023,MALE,46,NATHAN,693
2023,MALE,47,AXEL,689
2023,MALE,48,LUIS,685
2023,MALE,49,JOSHUA,673
2023,MALE,50,JOSEPH,672
2023,MALE,51,CHRISTOPHER,669
2023,MALE,52,AARON,664
2023,MALE,53,IAN,663
2023,MALE,54,HUDSON,654
2023,MALE,55,ISAIAH,649
2023,MALE,56,LEO,646
2023,MALE,57,DAMIAN,636
2023,MALE,58,JUAN,629
2023,MALE,59,CARLOS,619
2023,MALE,60,JACK,593
2023,MALE,61,CHRISTIAN,591
2023,MALE,62,JESUS,589
2023,MALE,63,LOGAN,584
2023,MALE,64,DIEGO,581
2023,MALE,65,MAVERICK,576
2023,MALE,66,MASON,568
2023,MALE,67,JONATHAN,562
2023,MALE,68,LUKA,560
2023,MALE,69,GRAYSON,552
2023,MALE,70,WYATT,548
2023,MALE,71,ANDREW,544
2023,MALE,72,EMILIANO,544
2023,MALE,73,JACKSON,537
2023,MALE,74,THOMAS,536
2023,MALE,75,JEREMIAH,529
2023,MALE,76,OWEN,521
2023,MALE,77,ROMAN,516
2023,MALE,78,MILES,502
2023,MALE,79,KAI,500
2023,MALE,80,NOLAN,488
2023,MALE,81,MICAH,485
2023,MALE,82,COOPER,484
2023,MALE,83,CARTER,463
2023,MALE,84,ENZO,451
2023,MALE,85,MATIAS,450
2023,MALE,86,ELI,443
2023,MALE,87,ANDRES,435
2023,MALE,88,ALEJANDRO,430
2023,MALE,89,RYAN,415
2023,MALE,90,GIOVANNI,412
2023,MALE,91,EMILIO,411
2023,MALE,92,XAVIER,405
2023,MALE,93,MIGUEL,400
2023,MALE,94,WAYLON,398
2023,MALE,95,WALKER,393
2023,MALE,96,CHARLES,392
2023,MALE,97,JAXON,391
2023,MALE,98,NATHANIEL,390
2023,MALE,99,JORDAN,388
2023,MALE,100,ALAN,384
2023,FEMALE,1,EMMA,1805
2023,FEMALE,2,OLIVIA,1763
2023,FEMALE,3,CAMILA,1639
2023,FEMALE,4,MIA,1583
2023,FEMALE,5,ISABELLA,1572
2023,FEMALE,6,SOPHIA,1338
2023,FEMALE,7,SOFIA,1217
2023,FEMALE,8,AMELIA,1178
2023,FEMALE,9,CHARLOTTE,989
2023,FEMALE,10,AVA,970
2023,FEMALE,11,EVELYN,957
2023,FEMALE,12,LUNA,917
2023,FEMALE,13,EMILY,867
2023,FEMALE,14,ELIZABETH,796
2023,FEMALE,15,ELIANA,787
2023,FEMALE,16,GIANNA,768
2023,FEMALE,17,ELENA,741
2023,FEMALE,18,VICTORIA,725
2023,FEMALE,19,ZOE,694
2023,FEMALE,20,SCARLETT,685
2023,FEMALE,21,VALENTINA,674
2023,FEMALE,22,ARIA,662
2023,FEMALE,23,GENESIS,661
2023,FEMALE,24,LEILANI,657
2023,FEMALE,25,VIOLET,655
2023,FEMALE,26,HARPER,650
2023,FEMALE,27,AVERY,641
2023,FEMALE,28,AURORA,617
2023,FEMALE,29,PENELOPE,607
2023,FEMALE,30,ABIGAIL,603
2023,FEMALE,31,MILA,603
2023,FEMALE,32,LAYLA,599
2023,FEMALE,33,ELEANOR,592
2023,FEMALE,34,EMILIA,587
2023,FEMALE,35,ELLIE,577
2023,FEMALE,36,LILY,566
2023,FEMALE,37,MADISON,541
2023,FEMALE,38,HAZEL,540
2023,FEMALE,39,CHLOE,536
2023,FEMALE,40,NATALIA,533
2023,FEMALE,41,DELILAH,527
2023,FEMALE,42,CATALINA,505
2023,FEMALE,43,LEAH,502
2023,FEMALE,44,XIMENA,487
2023,FEMALE,45,MARIA,481
2023,FEMALE,46,IVY,462
2023,FEMALE,47,GRACE,452
2023,FEMALE,48,HANNAH,449
2023,FEMALE,49,EMERY,423
2023,FEMALE,50,NAOMI,422
2023,FEMALE,51,ALLISON,420
2023,FEMALE,52,NOVA,418
2023,FEMALE,53,RILEY,409
2023,FEMALE,54,ELLA,408
2023,FEMALE,55,MAYA,406
2023,FEMALE,56,ARIANA,398
2023,FEMALE,57,AALIYAH,397
2023,FEMALE,58,MADELYN,391
2023,FEMALE,59,LILIANA,370
2023,FEMALE,60,NORA,369
2023,FEMALE,61,ANDREA,366
2023,FEMALE,62,STELLA,362
2023,FEMALE,63,VALERIA,360
2023,FEMALE,64,LUCY,353
2023,FEMALE,65,JADE,351
2023,FEMALE,66,LUCIA,346
2023,FEMALE,67,ZOEY,343
2023,FEMALE,68,ISLA,341
2023,FEMALE,69,NATALIE,341
2023,FEMALE,70,ASHLEY,338
2023,FEMALE,71,SARAH,334
2023,FEMALE,72,CAROLINE,331
2023,FEMALE,73,AITANA,330
2023,FEMALE,74,ATHENA,330
2023,FEMALE,75,ADELINE,325
2023,FEMALE,76,SAMANTHA,325
2023,FEMALE,77,ALAIA,322
2023,FEMALE,78,SADIE,322
2023,FEMALE,79,EVERLY,318
2023,FEMALE,80,ALICE,313
2023,FEMALE,81,MELANIE,313
2023,FEMALE,82,AUTUMN,311
2023,FEMALE,83,WILLOW,311
2023,FEMALE,84,REGINA,310
2023,FEMALE,85,PAISLEY,302
2023,FEMALE,86,ADALYNN,300
2023,FEMALE,87,MADELINE,297
2023,FEMALE,88,HAILEY,294
2023,FEMALE,89,MELODY,294
2023,FEMALE,90,ADDISON,289
2023,FEMALE,91,AUDREY,287
2023,FEMALE,92,NEVAEH,286
2023,FEMALE,93,KATHERINE,284
2023,FEMALE,94,ANA,283
2023,FEMALE,95,ELLIANA,283
2023,FEMALE,96,JULIETTE,281
2023,FEMALE,97,SAVANNAH,280
2023,FEMALE,98,SERENITY,280
2023,FEMALE,99,GABRIELLA,279
2023,FEMALE,100,LAINEY,279
2024,MALE,1,LIAM,3090
2024,MALE,2,NOAH,2404
2024,MALE,3,MATEO,2097
2024,MALE,4,SANTIAGO,1726
2024,MALE,5,SEBASTIAN,1565
2024,MALE,6,ELIJAH,1435
2024,MALE,7,OLIVER,1318
2024,MALE,8,ELIAS,1153
2024,MALE,9,EZRA,1126
2024,MALE,10,DANIEL,1119
2024,MALE,11,LUCAS,1102
2024,MALE,12,JULIAN,1091
2024,MALE,13,DYLAN,1064
2024,MALE,14,ETHAN,1045
2024,MALE,15,LEVI,1045
2024,MALE,16,BENJAMIN,1018
2024,MALE,17,ANGEL,1015
2024,MALE,18,JOSE,1015
2024,MALE,19,JAMES,1010
2024,MALE,20,SAMUEL,978
2024,MALE,21,WILLIAM,934
2024,MALE,22,DAVID,926
2024,MALE,23,MATTHEW,914
2024,MALE,24,ALEXANDER,888
2024,MALE,25,MICHAEL,884
2024,MALE,26,LUKE,880
2024,MALE,27,EZEKIEL,873
2024,MALE,28,JOHN,863
2024,MALE,29,HENRY,842
2024,MALE,30,THEODORE,833
2024,MALE,31,GAEL,814
2024,MALE,32,LUCA,791
2024,MALE,33,ISAAC,786
2024,MALE,34,THIAGO,783
2024,MALE,35,LEONARDO,762
2024,MALE,36,GABRIEL,755
2024,MALE,37,JOSIAH,754
2024,MALE,38,ADRIAN,746
2024,MALE,39,ADRIEL,745
2024,MALE,40,AIDEN,732
2024,MALE,41,ANTHONY,732
2024,MALE,42,IAN,726
2024,MALE,43,JACOB,722
2024,MALE,44,ASHER,697
2024,MALE,45,JOSEPH,693
2024,MALE,46,CALEB,690
2024,MALE,47,CHRISTOPHER,689
2024,MALE,48,ISAIAH,685
2024,MALE,49,CHRISTIAN,682
2024,MALE,50,JUAN,672
2024,MALE,51,LEO,661
2024,MALE,52,HUDSON,654
2024,MALE,53,JAYDEN,651
2024,MALE,54,LUIS,647
2024,MALE,55,JOSHUA,644
2024,MALE,56,AARON,637
2024,MALE,57,EMILIANO,630
2024,MALE,58,NATHAN,630
2024,MALE,59,CARLOS,613
2024,MALE,60,AXEL,611
2024,MALE,61,MAVERICK,606
2024,MALE,62,DAMIAN,603
2024,MALE,63,JACK,592
2024,MALE,64,WYATT,585
2024,MALE,65,CARTER,580
2024,MALE,66,JESUS,577
2024,MALE,67,THOMAS,570
2024,MALE,68,DIEGO,565
2024,MALE,69,MILES,558
2024,MALE,70,ROMAN,558
2024,MALE,71,LOGAN,556
2024,MALE,72,ANDREW,547
2024,MALE,73,JEREMIAH,546
2024,MALE,74,JONATHAN,546
2024,MALE,75,OWEN,544
2024,MALE,76,GRAYSON,534
2024,MALE,77,LUKA,527
2024,MALE,78,ENZO,512
2024,MALE,79,MATIAS,505
2024,MALE,80,JACKSON,499
2024,MALE,81,MASON,475
2024,MALE,82,COOPER,471
2024,MALE,83,ALEJANDRO,462
2024,MALE,84,MICAH,458
2024,MALE,85,XAVIER,458
2024,MALE,86,EMILIO,457
2024,MALE,87,KAI,435
2024,MALE,88,ANDRES,430
2024,MALE,89,IVAN,420
2024,MALE,90,NOLAN,420
2024,MALE,91,RYAN,417
2024,MALE,92,CHARLES,415
2024,MALE,93,MIGUEL,407
2024,MALE,94,ALAN,406
2024,MALE,95,WAYLON,406
2024,MALE,96,AMIR,404
2024,MALE,97,GIOVANNI,404
2024,MALE,98,LORENZO,404
2024,MALE,99,BROOKS,401
2024,MALE,100,NICOLAS,400
2024,FEMALE,1,OLIVIA,1765
2024,FEMALE,2,EMMA,1759
2024,FEMALE,3,MIA,1691
2024,FEMALE,4,CAMILA,1628
2024,FEMALE,5,ISABELLA,1561
2024,FEMALE,6,SOPHIA,1363
2024,FEMALE,7,AMELIA,1269
2024,FEMALE,8,SOFIA,1234
2024,FEMALE,9,CHARLOTTE,1021
2024,FEMALE,10,ELIANA,999
2024,FEMALE,11,EVELYN,955
2024,FEMALE,12,LUNA,924
2024,FEMALE,13,GIANNA,868
2024,FEMALE,14,AVA,819
2024,FEMALE,15,ELIZABETH,815
2024,FEMALE,16,EMILY,772
2024,FEMALE,17,VALENTINA,759
2024,FEMALE,18,ZOE,734
2024,FEMALE,19,ELENA,729
2024,FEMALE,20,AURORA,727
2024,FEMALE,21,VICTORIA,683
2024,FEMALE,22,GENESIS,681
2024,FEMALE,23,ELLIE,664
2024,FEMALE,24,ARIA,655
2024,FEMALE,25,SCARLETT,635
2024,FEMALE,26,VIOLET,632
2024,FEMALE,27,ELEANOR,617
2024,FEMALE,28,LILY,607
2024,FEMALE,29,LEILANI,606
2024,FEMALE,30,ABIGAIL,605
2024,FEMALE,31,AVERY,592
2024,FEMALE,32,EMILIA,583
2024,FEMALE,33,HARPER,578
2024,FEMALE,34,MILA,563
2024,FEMALE,35,PENELOPE,559
2024,FEMALE,36,CHLOE,550
2024,FEMALE,37,HAZEL,549
2024,FEMALE,38,CATALINA,540
2024,FEMALE,39,DELILAH,509
2024,FEMALE,40,LAYLA,506
2024,FEMALE,41,AILANY,486
2024,FEMALE,42,LEAH,485
2024,FEMALE,43,NATALIA,480
2024,FEMALE,44,IVY,477
2024,FEMALE,45,NAOMI,477
2024,FEMALE,46,ELLA,473
2024,FEMALE,47,MADISON,468
2024,FEMALE,48,HANNAH,466
2024,FEMALE,49,MARIA,457
2024,FEMALE,50,NOVA,451
2024,FEMALE,51,ALLISON,432
2024,FEMALE,52,EMERY,428
2024,FEMALE,53,GRACE,425
2024,FEMALE,54,XIMENA,424
2024,FEMALE,55,ARIANA,419
2024,FEMALE,56,ADELINE,403
2024,FEMALE,57,LUCIA,401
2024,FEMALE,58,ASHLEY,398
2024,FEMALE,59,JULIETTE,395
2024,FEMALE,60,LUCY,392
2024,FEMALE,61,MELANIE,389
2024,FEMALE,62,LILIANA,385
2024,FEMALE,63,LAINEY,384
2024,FEMALE,64,VALERIA,376
2024,FEMALE,65,NORA,373
2024,FEMALE,66,AALIYAH,370
2024,FEMALE,67,MADELYN,368
2024,FEMALE,68,MAYA,367
2024,FEMALE,69,ANDREA,362
2024,FEMALE,70,JADE,359
2024,FEMALE,71,RILEY,357
2024,FEMALE,72,MELODY,356
2024,FEMALE,73,ALICE,354
2024,FEMALE,74,ISLA,352
2024,FEMALE,75,STELLA,349
2024,FEMALE,76,EVERLY,347
2024,FEMALE,77,MADELINE,333
2024,FEMALE,78,ALAIA,331
2024,FEMALE,79,ATHENA,325
2024,FEMALE,80,SADIE,325
2024,FEMALE,81,ALINA,324
2024,FEMALE,82,ANA,320
2024,FEMALE,83,ZOEY,320
2024,FEMALE,84,AITANA,317
2024,FEMALE,85,ADDISON,316
2024,FEMALE,86,NATALIE,313
2024,FEMALE,87,REGINA,313
2024,FEMALE,88,IRIS,306
2024,FEMALE,89,EDEN,303
2024,FEMALE,90,WILLOW,302
2024,FEMALE,91,LILLIAN,301
2024,FEMALE,92,DAISY,300
2024,FEMALE,93,CAROLINE,297
2024,FEMALE,94,AYLA,294
2024,FEMALE,95,ALANA,293
2024,FEMALE,96,SAMANTHA,292
2024,FEMALE,97,AUTUMN,289
2024,FEMALE,98,AUDREY,288
2024,FEMALE,99,SOPHIE,286
2024,FEMALE,100,CATALEYA,285
